invoice_line_id,invoice_id,item_type,product_variant_id,service_id,subscription_plan_id,description,quantity,unit_price,discount_percent,discount_amount,tax_rate,tax_amount,line_total,billing_type
INVL-00001,INV-BILL-0001,PRODUCT,VAR-0006,,,Core Ultra 7 / 16GB / 512GB SSD / Win 11 Pro,25,138000.00,8.00,276000.00,18.0,571320.00,3745320.00,ONE_TIME
INVL-00002,INV-BILL-0001,PRODUCT,VAR-0353,,,Dell WD22TB4 Thunderbolt 4 Modular Dual 4K 180W Dock / Commercial Retail Pack (Recommended Upsell),25,27000.00,10.00,67500.00,18.0,109350.00,716850.00,ONE_TIME
INVL-00003,INV-BILL-0001,PRODUCT,VAR-0249,,,Dell UltraSharp U2724D 27-inch QHD 120Hz IPS Black / Factory Calibrated / Tilt-Swivel-Pivot (Recommended Dual Screen),25,37200.00,10.00,93000.00,18.0,150660.00,987660.00,ONE_TIME
INVL-00004,INV-BILL-0001,PRODUCT,VAR-0363,,,Jabra Evolve2 65 MS Wireless Noise-Cancelling Headset / Commercial Retail Pack (Attached Audio),25,18600.00,10.00,46500.00,18.0,75330.00,493830.00,ONE_TIME
INVL-00005,INV-BILL-0001,SUBSCRIPTION,,,SUB-001,Comprehensive 24x7 4-Hour SLA Enterprise Hardware AMC (Annual),25,52000.00,5.00,65000.00,18.0,222300.00,1457300.00,RECURRING
INVL-00006,INV-BILL-0002,PRODUCT,VAR-0011,,,Core i5-1335U / 16GB / 512GB SSD / Win 11 Pro (Primary: Mumbai DC MUM-DC-01),50,86000.00,11.00,473000.00,18.0,688860.00,4515860.00,ONE_TIME
INVL-00007,INV-BILL-0002,PRODUCT,VAR-0011,,,Core i5-1335U / 16GB / 512GB SSD / Win 11 Pro (Split Fulfillment: Bangalore Hub BLR-DC-01),30,86000.00,11.00,283800.00,18.0,413316.00,2709516.00,ONE_TIME
INVL-00008,INV-BILL-0002,SERVICE,,SRV-005,,Enterprise Laptop Zero-Touch Imaging & Domain Join,80,1400.00,10.00,11200.00,18.0,18144.00,118944.00,ONE_TIME
INVL-00009,INV-BILL-0003,PRODUCT,VAR-0134,,,Dell PowerEdge R760 2U Enterprise Workhorse Flagship / 128GB ECC / 2x 1.92TB SAS SSD / Redundant 1100W PSU (Immediate Stock Allocation),12,504000.00,10.00,604800.00,18.0,979776.00,6422976.00,ONE_TIME
INVL-00010,INV-BILL-0003,PRODUCT,VAR-0134,,,Dell PowerEdge R760 2U Enterprise Workhorse Flagship / 128GB ECC / 2x 1.92TB SAS SSD / Redundant 1100W PSU (OEM Factory Backorder - 3 Weeks Lead Time),8,504000.00,10.00,403200.00,18.0,653184.00,4281984.00,ONE_TIME
INVL-00011,INV-BILL-0003,SERVICE,,SRV-001,,Enterprise Server & High-Density Rack Installation,20,8500.00,5.00,8500.00,18.0,29070.00,190570.00,ONE_TIME
INVL-00012,INV-BILL-0004,PRODUCT,VAR-0001,,,Core i5-1335U / 16GB / 512GB SSD / Win 11 Pro,50,82000.00,9.00,369000.00,18.0,671580.00,4402580.00,ONE_TIME
INVL-00013,INV-BILL-0004,SERVICE,,SRV-005,,Enterprise Laptop Zero-Touch Imaging & Domain Join,50,1400.00,10.00,7000.00,18.0,11340.00,74340.00,ONE_TIME
INVL-00014,INV-BILL-0004,SUBSCRIPTION,,,SUB-007,Cloud Endpoint Mobility Management (MDM) Enterprise Seat (Annual),50,2600.00,0.00,0.00,18.0,23400.00,153400.00,RECURRING
INVL-00015,INV-BILL-0005,PRODUCT,VAR-0298,,,iPhone 16 Pro 256GB / Black Titanium (Mumbai DC MUM-DC-01 Allocation),12,129900.00,6.00,93528.00,18.0,263748.96,1729020.96,ONE_TIME
INVL-00016,INV-BILL-0005,PRODUCT,VAR-0298,,,iPhone 16 Pro 256GB / Black Titanium (Navi Mumbai NAVI-MUM-DC-01 Split),8,129900.00,6.00,62352.00,18.0,175832.64,1152680.64,ONE_TIME
INVL-00017,INV-BILL-0005,SUBSCRIPTION,,,SUB-008,Executive VIP Concierge Mobility Protection (Annual),20,5400.00,0.00,0.00,18.0,19440.00,127440.00,RECURRING
INVL-00018,INV-BILL-0006,PRODUCT,VAR-0134,,,Dell PowerEdge R760 2U Enterprise Workhorse Flagship / 128GB ECC / 2x 1.92TB SAS SSD / Redundant 1100W PSU (Mumbai Fulfillment),4,504000.00,10.00,201600.00,18.0,326592.00,2140992.00,ONE_TIME
INVL-00019,INV-BILL-0006,PRODUCT,VAR-0134,,,Dell PowerEdge R760 2U Enterprise Workhorse Flagship / 128GB ECC / 2x 1.92TB SAS SSD / Redundant 1100W PSU (Bangalore Hub Fulfillment),3,504000.00,10.00,151200.00,18.0,244944.00,1605744.00,ONE_TIME
INVL-00020,INV-BILL-0006,PRODUCT,VAR-0134,,,Dell PowerEdge R760 2U Enterprise Workhorse Flagship / 128GB ECC / 2x 1.92TB SAS SSD / Redundant 1100W PSU (Delhi Hub Fulfillment),3,504000.00,10.00,151200.00,18.0,244944.00,1605744.00,ONE_TIME
INVL-00021,INV-BILL-0006,SERVICE,,SRV-001,,Enterprise Server & High-Density Rack Installation,10,8500.00,5.00,4250.00,18.0,14535.00,95285.00,ONE_TIME
INVL-00022,INV-BILL-0007,PRODUCT,VAR-0391,,,Dell Latitude 7340 13.3-inch Executive Lightweight / 32GB DDR5 / 1TB NVMe / Win 11 Pro,5,137860.00,10.00,68930.00,18.0,111666.60,732036.60,ONE_TIME
INVL-00023,INV-BILL-0007,PRODUCT,VAR-0405,,,ASUS ExpertBook B5 Flip 14-inch Convertible / 32GB DDR5 / 1TB NVMe / Win 11 Pro,5,128100.00,3.00,19215.00,18.0,111831.30,733116.30,ONE_TIME
INVL-00024,INV-BILL-0007,PRODUCT,VAR-0032,,,Core i7-1355U / 32GB / 1TB SSD / 2.8K OLED,40,158000.00,7.50,474000.00,18.0,1052280.00,6898280.00,ONE_TIME
INVL-00025,INV-BILL-0007,PRODUCT,VAR-0486,,,Dell PowerEdge R450 1U Dual-Socket Dense Compute / 256GB ECC / 8x 1.92TB Enterprise SAS SSD / Dual 1400W,60,339300.00,10.00,2035800.00,18.0,3297996.00,21620196.00,ONE_TIME
INVL-00026,INV-BILL-0008,PRODUCT,VAR-0650,,,Eaton 5P 1500VA 1U High-Density Rackmount UPS / + Extended Battery Module (EBM) 2U Pack,2,66400.00,10.00,13280.00,18.0,21513.60,141033.60,ONE_TIME
INVL-00027,INV-BILL-0008,PRODUCT,VAR-0148,,,Lenovo ThinkSystem SR655 V3 2U High-Core AMD EPYC Single-P / 128GB ECC / 2x 1.92TB SAS SSD / Redundant 1100W PSU,60,408000.00,10.00,2448000.00,18.0,3965760.00,25997760.00,ONE_TIME
INVL-00028,INV-BILL-0008,PRODUCT,VAR-0306,,,Galaxy Z Fold5 512GB / Phantom Black,5,164999.00,0.00,0.00,18.0,148499.10,973494.10,ONE_TIME
INVL-00029,INV-BILL-0008,PRODUCT,VAR-0383,,,Core i7-1365U / 32GB DDR5 / 1TB NVMe / Win 11 Pro,2,183000.00,0.00,0.00,18.0,65880.00,431880.00,ONE_TIME
INVL-00030,INV-BILL-0008,SERVICE,,SRV-037,,Intelligent Metered/Switched PDU Integration,1,4200.00,10.00,420.00,18.0,680.40,4460.40,ONE_TIME
INVL-00031,INV-BILL-0008,SUBSCRIPTION,,,SUB-013,Enterprise Desk-Side Support & SLA Helpdesk (Per User) (Monthly),1,750.00,0.00,0.00,18.0,135.00,885.00,RECURRING
INVL-00032,INV-BILL-0009,PRODUCT,VAR-0561,,,Ubiquiti UniFi U6 Pro Dual-Band Wi-Fi 6 AP / Redundant AC Power Supply & Stacking Module,5,20160.00,7.50,7560.00,18.0,16783.20,110023.20,ONE_TIME
INVL-00033,INV-BILL-0009,PRODUCT,VAR-0088,,,Dell OptiPlex 3000 Thin Client Dual 4K / 16GB RAM / 512GB NVMe / Win 11 Pro,40,39000.00,10.00,156000.00,18.0,252720.00,1656720.00,ONE_TIME
INVL-00034,INV-BILL-0009,PRODUCT,VAR-0313,,,Edge 50 Pro 256GB / Black Beauty,5,37999.00,3.00,5699.85,18.0,33173.13,217468.28,ONE_TIME
INVL-00035,INV-BILL-0009,PRODUCT,VAR-0216,,,Aruba 10G SFP+ LC SR 300m MMF Transceiver (Pack of 4) / 19-inch Rackmount / Redundant Power Ready,5,33600.00,3.00,5040.00,18.0,29332.80,192292.80,ONE_TIME
INVL-00036,INV-BILL-0009,PRODUCT,VAR-0353,,,Dell WD22TB4 Thunderbolt 4 Modular Dual 4K 180W Dock / Commercial Retail Pack,25,27000.00,5.00,33750.00,18.0,115425.00,756675.00,ONE_TIME
INVL-00037,INV-BILL-0010,PRODUCT,VAR-0118,,,ASUS ProArt Station PD5 Professional Compute Rig / 64GB ECC RAM / 1TB NVMe / NVIDIA Quadro/RTX,60,174000.00,0.00,0.00,18.0,1879200.00,12319200.00,ONE_TIME
INVL-00038,INV-BILL-0010,PRODUCT,VAR-0186,,,Cisco Catalyst 9200L 24-Port Gigabit PoE+ 4x10G Switch / 19-inch Rackmount / Redundant Power Ready,60,150000.00,10.00,900000.00,18.0,1458000.00,9558000.00,ONE_TIME
INVL-00039,INV-BILL-0010,PRODUCT,VAR-0581,,,Fortinet FortiGate 200F High-Throughput Perimeter Firewall / + 1-Year Enterprise Unified Threat Protection Suite,20,433000.00,12.00,1039200.00,18.0,1371744.00,8992544.00,ONE_TIME
INVL-00040,INV-BILL-0011,PRODUCT,VAR-0075,,,HP EliteDesk 800 G9 Desktop Mini PC / 16GB RAM / 512GB NVMe / Win 11 Pro,5,70000.00,12.00,42000.00,18.0,55440.00,363440.00,ONE_TIME
INVL-00041,INV-BILL-0011,PRODUCT,VAR-0298,,,iPhone 16 Pro 256GB / Black Titanium,25,129900.00,7.50,243562.50,18.0,540708.75,3544646.25,ONE_TIME
INVL-00042,INV-BILL-0011,PRODUCT,VAR-0069,,,Lenovo ThinkCentre M70q Gen 4 Tiny PC / 16GB RAM / 512GB NVMe / Win 11 Pro,10,55000.00,5.00,27500.00,18.0,94050.00,616550.00,ONE_TIME
INVL-00043,INV-BILL-0011,PRODUCT,VAR-0257,,,LG 34WN80C-B 34-inch 21:9 Curved Ultrawide USB-C Display / Factory Calibrated / Tilt-Swivel-Pivot,5,50400.00,12.00,30240.00,18.0,39916.80,261676.80,ONE_TIME
INVL-00044,INV-BILL-0011,PRODUCT,VAR-0101,,,Dell Precision 7920 Dual Xeon Scalable Compute Workstation / 64GB ECC RAM / 1TB NVMe / NVIDIA Quadro/RTX,40,336000.00,3.00,403200.00,18.0,2346624.00,15383424.00,ONE_TIME
INVL-00045,INV-BILL-0011,SERVICE,,SRV-007,,Structured Cat6A 24-Port Patch Panel Termination,1,7200.00,5.00,360.00,18.0,1231.20,8071.20,ONE_TIME
INVL-00046,INV-BILL-0012,PRODUCT,VAR-0072,,,Lenovo ThinkCentre Neo 50s Gen 4 SFF / 16GB RAM / 512GB NVMe / Win 11 Pro,10,50000.00,10.00,50000.00,18.0,81000.00,531000.00,ONE_TIME
INVL-00047,INV-BILL-0012,PRODUCT,VAR-0199,,,Aruba CX 6300M 48-Port Smart Rate 10G PoE Switch / 19-inch Rackmount / Redundant Power Ready,40,468000.00,5.00,936000.00,18.0,3201120.00,20985120.00,ONE_TIME
INVL-00048,INV-BILL-0012,PRODUCT,VAR-0326,,,Samsung Galaxy Tab S9+ 12.4-inch AMOLED 256GB with S Pen / Stylus Support / Enterprise Security,40,90999.00,10.00,363996.00,18.0,589673.52,3865637.52,ONE_TIME
INVL-00049,INV-BILL-0012,PRODUCT,VAR-0498,,,HPE ProLiant ML350 Gen11 4U Tower Enterprise Expandable / 256GB ECC / 8x 1.92TB Enterprise SAS SSD / Dual 1400W,5,504600.00,10.00,252300.00,18.0,408726.00,2679426.00,ONE_TIME
INVL-00050,INV-BILL-0012,PRODUCT,VAR-0462,,,Lenovo ThinkStation P7 Single-Socket Intel Xeon W-3400 / 128GB ECC / 2TB NVMe Gen5 / Dual GPU Ready,25,469800.00,5.00,587250.00,18.0,2008395.00,13166145.00,ONE_TIME
INVL-00051,INV-BILL-0012,SUBSCRIPTION,,,SUB-011,Managed Immutable Cloud Backup & Ransomware Vault (1TB) (Monthly),1,2800.00,0.00,0.00,18.0,504.00,3304.00,RECURRING
INVL-00052,INV-BILL-0013,PRODUCT,VAR-0173,,,Synology RackStation RS3621xs+ 12-Bay High-IOPS / Dual Controller / 10G/25G iSCSI & 32Gb FC,60,354000.00,3.00,637200.00,18.0,3708504.00,24311304.00,ONE_TIME
INVL-00053,INV-BILL-0013,PRODUCT,VAR-0005,,,Core i7-1365U / 32GB / 1TB SSD / Win 11 Pro,40,140000.00,12.00,672000.00,18.0,887040.00,5815040.00,ONE_TIME
INVL-00054,INV-BILL-0013,PRODUCT,VAR-0321,,,Apple iPad Air 11-inch M2 Chip 128GB Liquid Retina / Stylus Support / Enterprise Security,40,59900.00,7.50,179700.00,18.0,398934.00,2615234.00,ONE_TIME
INVL-00055,INV-BILL-0013,PRODUCT,VAR-0253,,,Dell UltraSharp U3824DW 37.5-inch WQHD+ Financial Ultrawide / Factory Calibrated / Tilt-Swivel-Pivot,10,117600.00,5.00,58800.00,18.0,201096.00,1318296.00,ONE_TIME
INVL-00056,INV-BILL-0014,PRODUCT,VAR-0340,,,Epson WorkForce Pro WF-C579R Replaceable Ink Pack MFP / Duplex Network / Secure Pull Print,20,64800.00,5.00,64800.00,18.0,221616.00,1452816.00,ONE_TIME
INVL-00057,INV-BILL-0014,PRODUCT,VAR-0492,,,Dell PowerEdge R960 4U 4-Socket Mission-Critical DB / 256GB ECC / 8x 1.92TB Enterprise SAS SSD / Dual 1400W,60,1705200.00,5.00,5115600.00,18.0,17495352.00,114691752.00,ONE_TIME
INVL-00058,INV-BILL-0014,PRODUCT,VAR-0474,,,Dell Precision 3260 Compact Financial Algo Node / 128GB ECC / 2TB NVMe Gen5 / Dual GPU Ready,20,126900.00,10.00,253800.00,18.0,411156.00,2695356.00,ONE_TIME
INVL-00059,INV-BILL-0014,SERVICE,,SRV-007,,Structured Cat6A 24-Port Patch Panel Termination,1,7200.00,0.00,0.00,18.0,1296.00,8496.00,ONE_TIME
INVL-00060,INV-BILL-0015,PRODUCT,VAR-0622,,,Lenovo ThinkVision P34w-20 34.1-inch WQHD Curved Display / + Heavy-Duty Gas-Spring Ergonomic Desk Mount,5,74100.00,5.00,18525.00,18.0,63355.50,415330.50,ONE_TIME
INVL-00061,INV-BILL-0015,PRODUCT,VAR-0084,,,ASUS ExpertCenter D7 SFF Compact Business / 16GB RAM / 512GB NVMe / Win 11 Pro,40,53000.00,12.00,254400.00,18.0,335808.00,2201408.00,ONE_TIME
INVL-00062,INV-BILL-0015,PRODUCT,VAR-0288,,,Vertiv Liebert GXT5 1000VA 2U Online Double-Conversion / Sealed Lead-Acid Battery / LCD Display,2,46800.00,12.00,11232.00,18.0,14826.24,97194.24,ONE_TIME
INVL-00063,INV-BILL-0015,PRODUCT,VAR-0144,,,HPE ProLiant DL560 Gen11 2U 4-Socket High-Density / 128GB ECC / 2x 1.92TB SAS SSD / Redundant 1100W PSU,2,936000.00,0.00,0.00,18.0,336960.00,2208960.00,ONE_TIME
INVL-00064,INV-BILL-0015,PRODUCT,VAR-0552,,,Aruba CX 6200F 48G Class 4 PoE 4SFP+ 740W Switch / Redundant AC Power Supply & Stacking Module,60,256800.00,10.00,1540800.00,18.0,2496096.00,16363296.00,ONE_TIME
INVL-00065,INV-BILL-0016,PRODUCT,VAR-0032,,,Core i7-1355U / 32GB / 1TB SSD / 2.8K OLED,5,158000.00,0.00,0.00,18.0,142200.00,932200.00,ONE_TIME
INVL-00066,INV-BILL-0016,PRODUCT,VAR-0596,,,Check Point Quantum Spark 1800 10GbE Security Gateway / + 1-Year Enterprise Unified Threat Protection Suite,25,277000.00,5.00,346250.00,18.0,1184175.00,7762925.00,ONE_TIME
INVL-00067,INV-BILL-0016,PRODUCT,VAR-0593,,,Sophos XGS 3100 Datacenter Protection Appliance / + 1-Year Enterprise Unified Threat Protection Suite,25,481000.00,10.00,1202500.00,18.0,1948050.00,12770550.00,ONE_TIME
INVL-00068,INV-BILL-0016,PRODUCT,VAR-0415,,,Dell Precision 3580 Affordable Mobile CAD Workstation / 32GB DDR5 / 1TB NVMe / Win 11 Pro,20,143960.00,12.00,345504.00,18.0,456065.28,2989761.28,ONE_TIME
INVL-00069,INV-BILL-0016,PRODUCT,VAR-0605,,,Dell UltraSharp U2723QE 27-inch 4K USB-C Hub Monitor / + Heavy-Duty Gas-Spring Ergonomic Desk Mount,60,62100.00,3.00,111780.00,18.0,650559.60,4264779.60,ONE_TIME
INVL-00070,INV-BILL-0016,SUBSCRIPTION,,,SUB-012,Enterprise Datacenter Immutable Cloud Backup (10TB Pool) (Monthly),1,22000.00,0.00,0.00,18.0,3960.00,25960.00,RECURRING
INVL-00071,INV-BILL-0017,PRODUCT,VAR-0229,,,Palo Alto Networks PA-440 Branch Security Appliance / Hardware Appliance / Base Bundle,20,174000.00,10.00,348000.00,18.0,563760.00,3695760.00,ONE_TIME
INVL-00072,INV-BILL-0017,PRODUCT,VAR-0604,,,Dell UltraSharp U2724D 27-inch QHD 120Hz IPS Black / + Heavy-Duty Gas-Spring Ergonomic Desk Mount,25,41700.00,0.00,0.00,18.0,187650.00,1230150.00,ONE_TIME
INVL-00073,INV-BILL-0017,PRODUCT,VAR-0298,,,iPhone 16 Pro 256GB / Black Titanium,20,129900.00,5.00,129900.00,18.0,444258.00,2912358.00,ONE_TIME
INVL-00074,INV-BILL-0017,PRODUCT,VAR-0138,,,HPE ProLiant DL20 Gen11 1U Short-Depth Edge Server / 128GB ECC / 2x 1.92TB SAS SSD / Redundant 1100W PSU,25,142000.00,0.00,0.00,18.0,639000.00,4189000.00,ONE_TIME
INVL-00075,INV-BILL-0017,SERVICE,,SRV-016,,Corporate Desktop & Micro-PC Desk-Side Rollout,1,1100.00,10.00,110.00,18.0,178.20,1168.20,ONE_TIME
INVL-00076,INV-BILL-0018,PRODUCT,VAR-0170,,,NetApp FAS2820 Hybrid Cloud Storage Architecture / Dual Controller / 10G/25G iSCSI & 32Gb FC,5,1068000.00,10.00,534000.00,18.0,865080.00,5671080.00,ONE_TIME
INVL-00077,INV-BILL-0018,PRODUCT,VAR-0527,,,Synology RackStation RS2423+ 12-Bay 2U Storage / 128TB Raw / 32Gb Fibre Channel SAN Gateway,25,277200.00,12.00,831600.00,18.0,1097712.00,7196112.00,ONE_TIME
INVL-00078,INV-BILL-0018,PRODUCT,VAR-0144,,,HPE ProLiant DL560 Gen11 2U 4-Socket High-Density / 128GB ECC / 2x 1.92TB SAS SSD / Redundant 1100W PSU,60,936000.00,3.00,1684800.00,18.0,9805536.00,64280736.00,ONE_TIME
INVL-00079,INV-BILL-0018,PRODUCT,VAR-0457,,,Dell Precision 3460 Small Form Factor Trading Workstation / 128GB ECC / 2TB NVMe Gen5 / Dual GPU Ready,40,143100.00,12.00,686880.00,18.0,906681.60,5943801.60,ONE_TIME
INVL-00080,INV-BILL-0018,PRODUCT,VAR-0164,,,Dell PowerVault ME5024 2U 24-Bay SAS/FC Storage / Dual Controller / 10G/25G iSCSI & 32Gb FC,20,624000.00,5.00,624000.00,18.0,2134080.00,13990080.00,ONE_TIME
INVL-00081,INV-BILL-0019,PRODUCT,VAR-0225,,,Fortinet FortiGate 100F Campus Core NGFW 10G SFP+ / Hardware Appliance / Base Bundle,2,234000.00,5.00,23400.00,18.0,80028.00,524628.00,ONE_TIME
INVL-00082,INV-BILL-0019,PRODUCT,VAR-0500,,,Lenovo ThinkSystem SR250 V2 1U Compact Rack Server / 256GB ECC / 8x 1.92TB Enterprise SAS SSD / Dual 1400W,10,195750.00,3.00,58725.00,18.0,341779.50,2240554.50,ONE_TIME
INVL-00083,INV-BILL-0019,PRODUCT,VAR-0238,,,Sophos XGS 3100 Datacenter Protection Appliance / Hardware Appliance / Base Bundle,2,456000.00,12.00,109440.00,18.0,144460.80,947020.80,ONE_TIME
INVL-00084,INV-BILL-0020,PRODUCT,VAR-0531,,,Synology DiskStation DS3622xs+ 12-Bay Enterprise Tower / 128TB Raw / 32Gb Fibre Channel SAN Gateway,20,394800.00,7.50,592200.00,18.0,1314684.00,8618484.00,ONE_TIME
INVL-00085,INV-BILL-0020,PRODUCT,VAR-0370,,,Targus CityLite Pro 15.6 Security Corporate Backpack / Commercial Retail Pack,2,4320.00,0.00,0.00,18.0,1555.20,10195.20,ONE_TIME
INVL-00086,INV-BILL-0020,PRODUCT,VAR-0398,,,Lenovo ThinkPad Z13 Gen 2 Sustainable Bronze / 32GB DDR5 / 1TB NVMe / Win 11 Pro,40,183000.00,5.00,366000.00,18.0,1251720.00,8205720.00,ONE_TIME
INVL-00087,INV-BILL-0020,SERVICE,,SRV-007,,Structured Cat6A 24-Port Patch Panel Termination,1,7200.00,10.00,720.00,18.0,1166.40,7646.40,ONE_TIME
INVL-00088,INV-BILL-0020,SUBSCRIPTION,,,SUB-017,Managed Print Services & Automated Toner Replenishment (Monthly),1,3500.00,0.00,0.00,18.0,630.00,4130.00,RECURRING
INVL-00089,INV-BILL-0021,PRODUCT,VAR-0281,,,APC Smart-UPS On-Line SRT 5000VA 230V 3U Enterprise Core / Sealed Lead-Acid Battery / LCD Display,5,210000.00,7.50,78750.00,18.0,174825.00,1146075.00,ONE_TIME
INVL-00090,INV-BILL-0021,PRODUCT,VAR-0270,,,Samsung ViewFinity S8 27-inch 4K Matte Anti-Glare Display / Factory Calibrated / Tilt-Swivel-Pivot,40,43200.00,7.50,129600.00,18.0,287712.00,1886112.00,ONE_TIME
INVL-00091,INV-BILL-0021,PRODUCT,VAR-0593,,,Sophos XGS 3100 Datacenter Protection Appliance / + 1-Year Enterprise Unified Threat Protection Suite,10,481000.00,10.00,481000.00,18.0,779220.00,5108220.00,ONE_TIME
INVL-00092,INV-BILL-0021,PRODUCT,VAR-0558,,,Ubiquiti UniFi Pro 24 PoE Layer 2/3 Enterprise Switch / Redundant AC Power Supply & Stacking Module,40,60480.00,0.00,0.00,18.0,435456.00,2854656.00,ONE_TIME
INVL-00093,INV-BILL-0021,PRODUCT,VAR-0584,,,Palo Alto Networks PA-440 Branch Security Appliance / + 1-Year Enterprise Unified Threat Protection Suite,25,199000.00,5.00,248750.00,18.0,850725.00,5576975.00,ONE_TIME
INVL-00094,INV-BILL-0022,PRODUCT,VAR-0229,,,Palo Alto Networks PA-440 Branch Security Appliance / Hardware Appliance / Base Bundle,60,174000.00,5.00,522000.00,18.0,1785240.00,11703240.00,ONE_TIME
INVL-00095,INV-BILL-0022,PRODUCT,VAR-0529,,,Synology RackStation RS4021xs+ 16-Bay 3U SAN/NAS / 128TB Raw / 32Gb Fibre Channel SAN Gateway,20,739200.00,7.50,1108800.00,18.0,2461536.00,16136736.00,ONE_TIME
INVL-00096,INV-BILL-0022,PRODUCT,VAR-0416,,,Dell Precision 5680 16-inch Creator Workstation / 32GB DDR5 / 1TB NVMe / Win 11 Pro,25,307440.00,0.00,0.00,18.0,1383480.00,9069480.00,ONE_TIME
INVL-00097,INV-BILL-0022,PRODUCT,VAR-0362,,,Logitech MK370 Combo for Business Silent Wireless Set / Commercial Retail Pack,25,3360.00,3.00,2520.00,18.0,14666.40,96146.40,ONE_TIME
INVL-00098,INV-BILL-0023,PRODUCT,VAR-0170,,,NetApp FAS2820 Hybrid Cloud Storage Architecture / Dual Controller / 10G/25G iSCSI & 32Gb FC,40,1068000.00,5.00,2136000.00,18.0,7305120.00,47889120.00,ONE_TIME
INVL-00099,INV-BILL-0023,PRODUCT,VAR-0236,,,Sophos XGS 2100 1U Enterprise Rackmount Firewall / Hardware Appliance / Base Bundle,5,192000.00,3.00,28800.00,18.0,167616.00,1098816.00,ONE_TIME
INVL-00100,INV-BILL-0023,PRODUCT,VAR-0079,,,Apple Mac mini M2 8-Core CPU 10-Core GPU / 16GB RAM / 512GB NVMe / Win 11 Pro,5,59900.00,3.00,8985.00,18.0,52292.70,342807.70,ONE_TIME
INVL-00101,INV-BILL-0023,PRODUCT,VAR-0527,,,Synology RackStation RS2423+ 12-Bay 2U Storage / 128TB Raw / 32Gb Fibre Channel SAN Gateway,10,277200.00,10.00,277200.00,18.0,449064.00,2943864.00,ONE_TIME
INVL-00102,INV-BILL-0023,SERVICE,,SRV-008,,Online Double-Conversion Rackmount UPS Commissioning,1,5000.00,10.00,500.00,18.0,810.00,5310.00,ONE_TIME
INVL-00103,INV-BILL-0024,PRODUCT,VAR-0425,,,Lenovo ThinkCentre M80q Gen 4 High Security / 32GB DDR5 / 1TB NVMe / Win 11 Pro,20,79300.00,12.00,190320.00,18.0,251222.40,1646902.40,ONE_TIME
INVL-00104,INV-BILL-0024,PRODUCT,VAR-0339,,,Brother MFC-L6900DW Enterprise High-Speed All-in-One MFP / Duplex Network / Secure Pull Print,20,81600.00,7.50,122400.00,18.0,271728.00,1781328.00,ONE_TIME
INVL-00105,INV-BILL-0024,PRODUCT,VAR-0117,,,ASUS ESC700 G4 High-Performance GPU Workstation / 64GB ECC RAM / 1TB NVMe / NVIDIA Quadro/RTX,5,252000.00,10.00,126000.00,18.0,204120.00,1338120.00,ONE_TIME
INVL-00106,INV-BILL-0024,SUBSCRIPTION,,,SUB-006,Managed Firewall Security Operations (SOC) & Threat Feeds (Monthly),1,9200.00,0.00,0.00,18.0,1656.00,10856.00,RECURRING
INVL-00107,INV-BILL-0025,PRODUCT,VAR-0421,,,Dell OptiPlex 7010 Mini Tower Desktop / 32GB DDR5 / 1TB NVMe / Win 11 Pro,25,81740.00,10.00,204350.00,18.0,331047.00,2170197.00,ONE_TIME
INVL-00108,INV-BILL-0025,PRODUCT,VAR-0023,,,Core i7-1365U / 32GB / 1TB SSD / 3:2 OLED,5,192000.00,3.00,28800.00,18.0,167616.00,1098816.00,ONE_TIME
INVL-00109,INV-BILL-0025,PRODUCT,VAR-0250,,,Dell UltraSharp U2723QE 27-inch 4K USB-C Hub Monitor / Factory Calibrated / Tilt-Swivel-Pivot,40,57600.00,10.00,230400.00,18.0,373248.00,2446848.00,ONE_TIME
INVL-00110,INV-BILL-0025,PRODUCT,VAR-0045,,,HP ProBook 440 G10 Commercial Fleet Notebook / 16GB RAM / 512GB SSD / Win 11 Pro,2,65000.00,10.00,13000.00,18.0,21060.00,138060.00,ONE_TIME
INVL-00111,INV-BILL-0025,PRODUCT,VAR-0131,,,Dell PowerEdge R450 1U Dual-Socket Dense Compute / 128GB ECC / 2x 1.92TB SAS SSD / Redundant 1100W PSU,5,234000.00,0.00,0.00,18.0,210600.00,1380600.00,ONE_TIME
INVL-00112,INV-BILL-0026,PRODUCT,VAR-0265,,,Lenovo ThinkVision T27h-30 27-inch QHD USB-C Hub Monitor / Factory Calibrated / Tilt-Swivel-Pivot,20,31200.00,10.00,62400.00,18.0,101088.00,662688.00,ONE_TIME
INVL-00113,INV-BILL-0026,PRODUCT,VAR-0185,,,Seagate Exos X20 20TB Enterprise SAS 12Gbps 7.2K (Pack of 4) / Dual Controller / 10G/25G iSCSI & 32Gb FC,25,134000.00,12.00,402000.00,18.0,530640.00,3478640.00,ONE_TIME
INVL-00114,INV-BILL-0026,PRODUCT,VAR-0530,,,Synology DiskStation DS1821+ 8-Bay Desktop NAS / 128TB Raw / 32Gb Fibre Channel SAN Gateway,2,148400.00,12.00,35616.00,18.0,47013.12,308197.12,ONE_TIME
INVL-00115,INV-BILL-0026,SERVICE,,SRV-019,,Secure Pull-Printing & Departmental Badge Reader Setup,1,4800.00,0.00,0.00,18.0,864.00,5664.00,ONE_TIME
INVL-00116,INV-BILL-0027,PRODUCT,VAR-0460,,,Lenovo ThinkStation P3 Tower Quantitative Rig / 128GB ECC / 2TB NVMe Gen5 / Dual GPU Ready,60,170100.00,7.50,765450.00,18.0,1699299.00,11139849.00,ONE_TIME
INVL-00117,INV-BILL-0027,PRODUCT,VAR-0622,,,Lenovo ThinkVision P34w-20 34.1-inch WQHD Curved Display / + Heavy-Duty Gas-Spring Ergonomic Desk Mount,5,74100.00,3.00,11115.00,18.0,64689.30,424074.30,ONE_TIME
INVL-00118,INV-BILL-0027,PRODUCT,VAR-0483,,,ASUS ExpertCenter E500 G9 Intel Xeon Tower / 128GB ECC / 2TB NVMe Gen5 / Dual GPU Ready,60,186300.00,7.50,838350.00,18.0,1861137.00,12200787.00,ONE_TIME
INVL-00119,INV-BILL-0028,PRODUCT,VAR-0147,,,Lenovo ThinkSystem SR650 V3 2U Flagship Core Database / 128GB ECC / 2x 1.92TB SAS SSD / Redundant 1100W PSU,10,492000.00,3.00,147600.00,18.0,859032.00,5631432.00,ONE_TIME
INVL-00120,INV-BILL-0028,PRODUCT,VAR-0597,,,Cisco Secure Firewall Firepower 1010 Desktop NGFW / + 1-Year Enterprise Unified Threat Protection Suite,40,106600.00,12.00,511680.00,18.0,675417.60,4427737.60,ONE_TIME
INVL-00121,INV-BILL-0028,PRODUCT,VAR-0187,,,Cisco Catalyst 9200L 48-Port Gigabit PoE+ 4x10G Switch / 19-inch Rackmount / Redundant Power Ready,10,222000.00,7.50,166500.00,18.0,369630.00,2423130.00,ONE_TIME
INVL-00122,INV-BILL-0028,PRODUCT,VAR-0639,,,Eaton 9PX 1500VA 2U Online Double-Conversion UPS / + Extended Battery Module (EBM) 2U Pack,25,85600.00,10.00,214000.00,18.0,346680.00,2272680.00,ONE_TIME
INVL-00123,INV-BILL-0028,PRODUCT,VAR-0524,,,NetApp AFF A250 NVMe End-to-End Enterprise Storage / 128TB Raw / 32Gb Fibre Channel SAN Gateway,2,3696000.00,3.00,221760.00,18.0,1290643.20,8460883.20,ONE_TIME
INVL-00124,INV-BILL-0028,SUBSCRIPTION,,,SUB-013,Enterprise Desk-Side Support & SLA Helpdesk (Per User) (Monthly),1,750.00,0.00,0.00,18.0,135.00,885.00,RECURRING
INVL-00125,INV-BILL-0029,PRODUCT,VAR-0136,,,Dell PowerEdge R860 2U 4-Socket Dense Enterprise Core / 128GB ECC / 2x 1.92TB SAS SSD / Redundant 1100W PSU,25,864000.00,10.00,2160000.00,18.0,3499200.00,22939200.00,ONE_TIME
INVL-00126,INV-BILL-0029,PRODUCT,VAR-0112,,,HP Z4 G5 Intel Xeon W Mainstream High-Compute / 64GB ECC RAM / 1TB NVMe / NVIDIA Quadro/RTX,40,222000.00,7.50,666000.00,18.0,1478520.00,9692520.00,ONE_TIME
INVL-00127,INV-BILL-0029,PRODUCT,VAR-0017,,,Core i7-1370P / 32GB / 1TB SSD / 4K OLED Pen,60,182000.00,3.00,327600.00,18.0,1906632.00,12499032.00,ONE_TIME
INVL-00128,INV-BILL-0029,PRODUCT,VAR-0208,,,Juniper EX2300 24-Port Gigabit PoE+ Compact Switch / 19-inch Rackmount / Redundant Power Ready,25,98400.00,0.00,0.00,18.0,442800.00,2902800.00,ONE_TIME
INVL-00129,INV-BILL-0029,SERVICE,,SRV-012,,Emergency Mumbai Onsite 4-Hour Response IT Support,1,3500.00,5.00,175.00,18.0,598.50,3923.50,ONE_TIME
INVL-00130,INV-BILL-0030,PRODUCT,VAR-0615,,,HP E24 G5 23.8-inch FHD Ergonomic Business Monitor / + Heavy-Duty Gas-Spring Ergonomic Desk Mount,2,18900.00,7.50,2835.00,18.0,6293.70,41258.70,ONE_TIME
INVL-00131,INV-BILL-0030,PRODUCT,VAR-0040,,,Lenovo ThinkPad L14 Gen 4 Enterprise Deployment / 16GB RAM / 512GB SSD / Win 11 Pro,40,74000.00,3.00,88800.00,18.0,516816.00,3388016.00,ONE_TIME
INVL-00132,INV-BILL-0030,PRODUCT,VAR-0545,,,Cisco Catalyst 9500 24-Port 25G Fiber Core Switch / Redundant AC Power Supply & Stacking Module,25,979200.00,10.00,2448000.00,18.0,3965760.00,25997760.00,ONE_TIME
INVL-00133,INV-BILL-0030,PRODUCT,VAR-0516,,,Dell PowerStore 500T All-Flash Unified Storage Array / 128TB Raw / 32Gb Fibre Channel SAN Gateway,60,1646400.00,0.00,0.00,18.0,17781120.00,116565120.00,ONE_TIME
INVL-00134,INV-BILL-0030,PRODUCT,VAR-0121,,,Lenovo ThinkStation P360 Tiny Quad Display Hub / 64GB ECC RAM / 1TB NVMe / NVIDIA Quadro/RTX,60,95000.00,12.00,684000.00,18.0,902880.00,5918880.00,ONE_TIME
INVL-00135,INV-BILL-0031,PRODUCT,VAR-0442,,,Acer Veriton X2690G Small Form Factor / 32GB DDR5 / 1TB NVMe / Win 11 Pro,40,57340.00,10.00,229360.00,18.0,371563.20,2435803.20,ONE_TIME
INVL-00136,INV-BILL-0031,PRODUCT,VAR-0535,,,Western Digital Ultrastar Data60 60-Bay JBOD Storage / 128TB Raw / 32Gb Fibre Channel SAN Gateway,20,1209600.00,3.00,725760.00,18.0,4223923.20,27690163.20,ONE_TIME
INVL-00137,INV-BILL-0031,PRODUCT,VAR-0431,,,HP EliteDesk 800 G9 Small Form Factor / 32GB DDR5 / 1TB NVMe / Win 11 Pro,60,91500.00,7.50,411750.00,18.0,914085.00,5992335.00,ONE_TIME
INVL-00138,INV-BILL-0031,PRODUCT,VAR-0380,,,Core i9-13900H / 32GB DDR5 / 1TB NVMe / Win 11 Pro,60,351360.00,7.50,1581120.00,18.0,3510086.40,23010566.40,ONE_TIME
INVL-00139,INV-BILL-0031,PRODUCT,VAR-0045,,,HP ProBook 440 G10 Commercial Fleet Notebook / 16GB RAM / 512GB SSD / Win 11 Pro,10,65000.00,10.00,65000.00,18.0,105300.00,690300.00,ONE_TIME
INVL-00140,INV-BILL-0032,PRODUCT,VAR-0590,,,Sophos XGS 136 High-Capacity Branch Firewall / + 1-Year Enterprise Unified Threat Protection Suite,20,113800.00,3.00,68280.00,18.0,397389.60,2605109.60,ONE_TIME
INVL-00141,INV-BILL-0032,PRODUCT,VAR-0101,,,Dell Precision 7920 Dual Xeon Scalable Compute Workstation / 64GB ECC RAM / 1TB NVMe / NVIDIA Quadro/RTX,60,336000.00,0.00,0.00,18.0,3628800.00,23788800.00,ONE_TIME
INVL-00142,INV-BILL-0032,PRODUCT,VAR-0436,,,Apple Mac Studio M2 Max 12-Core CPU 30-Core GPU / 32GB DDR5 / 1TB NVMe / Win 11 Pro,10,256078.00,10.00,256078.00,18.0,414846.36,2719548.36,ONE_TIME
INVL-00143,INV-BILL-0032,PRODUCT,VAR-0138,,,HPE ProLiant DL20 Gen11 1U Short-Depth Edge Server / 128GB ECC / 2x 1.92TB SAS SSD / Redundant 1100W PSU,25,142000.00,7.50,266250.00,18.0,591075.00,3874825.00,ONE_TIME
INVL-00144,INV-BILL-0032,PRODUCT,VAR-0261,,,HP E27q G5 27-inch QHD Corporate Workstation Display / Factory Calibrated / Tilt-Swivel-Pivot,10,26400.00,3.00,7920.00,18.0,46094.40,302174.40,ONE_TIME
INVL-00145,INV-BILL-0032,SERVICE,,SRV-001,,Enterprise Server & High-Density Rack Installation,1,8500.00,10.00,850.00,18.0,1377.00,9027.00,ONE_TIME
INVL-00146,INV-BILL-0032,SUBSCRIPTION,,,SUB-001,Comprehensive 24x7 4-Hour SLA Enterprise Hardware AMC (Yearly),1,52000.00,0.00,0.00,18.0,9360.00,61360.00,RECURRING
INVL-00147,INV-BILL-0033,PRODUCT,VAR-0536,,,Seagate Exos E 4U106 106-Bay High-Density Enclosure / 128TB Raw / 32Gb Fibre Channel SAN Gateway,40,1932000.00,3.00,2318400.00,18.0,13493088.00,88454688.00,ONE_TIME
INVL-00148,INV-BILL-0033,PRODUCT,VAR-0121,,,Lenovo ThinkStation P360 Tiny Quad Display Hub / 64GB ECC RAM / 1TB NVMe / NVIDIA Quadro/RTX,40,95000.00,5.00,190000.00,18.0,649800.00,4259800.00,ONE_TIME
INVL-00149,INV-BILL-0033,PRODUCT,VAR-0533,,,QNAP TVS-h1688X 16-Bay ZFS Enterprise Desktop NAS / 128TB Raw / 32Gb Fibre Channel SAN Gateway,20,487200.00,5.00,487200.00,18.0,1666224.00,10923024.00,ONE_TIME
INVL-00150,INV-BILL-0033,PRODUCT,VAR-0008,,,Core i7-1370P / 32GB / 1TB SSD / QHD+ Touch,2,185000.00,3.00,11100.00,18.0,64602.00,423502.00,ONE_TIME
INVL-00151,INV-BILL-0033,PRODUCT,VAR-0385,,,Core i7-13800H / 32GB DDR5 / 1TB NVMe / Win 11 Pro,20,241560.00,12.00,579744.00,18.0,765262.08,5016718.08,ONE_TIME
INVL-00152,INV-BILL-0034,PRODUCT,VAR-0260,,,HP E24 G5 23.8-inch FHD Ergonomic Business Monitor / Factory Calibrated / Tilt-Swivel-Pivot,10,14400.00,10.00,14400.00,18.0,23328.00,152928.00,ONE_TIME
INVL-00153,INV-BILL-0034,PRODUCT,VAR-0268,,,ViewSonic ColorPro VP2768a 27-inch Factory Calibrated QHD / Factory Calibrated / Tilt-Swivel-Pivot,10,40800.00,12.00,48960.00,18.0,64627.20,423667.20,ONE_TIME
INVL-00154,INV-BILL-0034,PRODUCT,VAR-0549,,,Cisco Meraki MS390-48P Multi-Gigabit Modular Uplinks / Redundant AC Power Supply & Stacking Module,20,424800.00,3.00,254880.00,18.0,1483401.60,9724521.60,ONE_TIME
INVL-00155,INV-BILL-0034,PRODUCT,VAR-0434,,,Apple Mac mini M2 8-Core CPU 10-Core GPU / 32GB DDR5 / 1TB NVMe / Win 11 Pro,20,73078.00,10.00,146156.00,18.0,236772.72,1552176.72,ONE_TIME
INVL-00156,INV-BILL-0034,PRODUCT,VAR-0579,,,Fortinet FortiGate 80F Dual WAN Bypass Firewall / + 1-Year Enterprise Unified Threat Protection Suite,60,157000.00,10.00,942000.00,18.0,1526040.00,10004040.00,ONE_TIME
INVL-00157,INV-BILL-0035,PRODUCT,VAR-0184,,,Western Digital Ultrastar DC SN650 15.36TB NVMe SSD / Dual Controller / 10G/25G iSCSI & 32Gb FC,20,174000.00,5.00,174000.00,18.0,595080.00,3901080.00,ONE_TIME
INVL-00158,INV-BILL-0035,PRODUCT,VAR-0380,,,Core i9-13900H / 32GB DDR5 / 1TB NVMe / Win 11 Pro,10,351360.00,10.00,351360.00,18.0,569203.20,3731443.20,ONE_TIME
INVL-00159,INV-BILL-0035,PRODUCT,VAR-0573,,,Ubiquiti UniFi Switch Aggregation 8-Port 10G SFP+ / Redundant AC Power Supply & Stacking Module,10,36000.00,12.00,43200.00,18.0,57024.00,373824.00,ONE_TIME
INVL-00160,INV-BILL-0035,PRODUCT,VAR-0569,,,Cisco 10GBASE-SR SFP+ Optical Transceiver (Pack of 4) / Redundant AC Power Supply & Stacking Module,20,46080.00,12.00,110592.00,18.0,145981.44,956989.44,ONE_TIME
INVL-00161,INV-BILL-0035,SERVICE,,SRV-009,,Corporate Boardroom Video Conferencing Integration,1,15500.00,10.00,1550.00,18.0,2511.00,16461.00,ONE_TIME
INVL-00162,INV-BILL-0036,PRODUCT,VAR-0236,,,Sophos XGS 2100 1U Enterprise Rackmount Firewall / Hardware Appliance / Base Bundle,2,192000.00,3.00,11520.00,18.0,67046.40,439526.40,ONE_TIME
INVL-00163,INV-BILL-0036,PRODUCT,VAR-0458,,,Dell Precision 7960 Rackmount 2U Remote Workstation / 128GB ECC / 2TB NVMe Gen5 / Dual GPU Ready,25,550800.00,7.50,1032750.00,18.0,2292705.00,15029955.00,ONE_TIME
INVL-00164,INV-BILL-0036,PRODUCT,VAR-0166,,,HPE MSA 2060 16Gb Fibre Channel Hybrid Storage / Dual Controller / 10G/25G iSCSI & 32Gb FC,60,576000.00,5.00,1728000.00,18.0,5909760.00,38741760.00,ONE_TIME
INVL-00165,INV-BILL-0036,SUBSCRIPTION,,,SUB-018,BFSI Compliant Immutable Log Retention & Audit Archival (Monthly),1,16000.00,0.00,0.00,18.0,2880.00,18880.00,RECURRING
INVL-00166,INV-BILL-0037,PRODUCT,VAR-0054,,,Microsoft Surface Laptop 6 15.0 Core Ultra 7 / 16GB RAM / 512GB SSD / Win 11 Pro,60,162999.00,0.00,0.00,18.0,1760389.20,11540329.20,ONE_TIME
INVL-00167,INV-BILL-0037,PRODUCT,VAR-0165,,,Dell PowerVault ME5084 5U 84-Bay High-Density Storage / Dual Controller / 10G/25G iSCSI & 32Gb FC,60,1128000.00,3.00,2030400.00,18.0,11816928.00,77466528.00,ONE_TIME
INVL-00168,INV-BILL-0037,PRODUCT,VAR-0399,,,HP EliteBook 860 G10 16.0 Corporate Numeric / 32GB DDR5 / 1TB NVMe / Win 11 Pro,20,114680.00,10.00,229360.00,18.0,371563.20,2435803.20,ONE_TIME
INVL-00169,INV-BILL-0037,PRODUCT,VAR-0652,,,APC NetShelter Metered Rack PDU 16A 230V (8 Outlets) / + Extended Battery Module (EBM) 2U Pack,20,44800.00,0.00,0.00,18.0,161280.00,1057280.00,ONE_TIME
INVL-00170,INV-BILL-0037,PRODUCT,VAR-0006,,,Core Ultra 7 / 16GB / 512GB SSD / Win 11 Pro,2,138000.00,5.00,13800.00,18.0,47196.00,309396.00,ONE_TIME
INVL-00171,INV-BILL-0038,PRODUCT,VAR-0380,,,Core i9-13900H / 32GB DDR5 / 1TB NVMe / Win 11 Pro,2,351360.00,12.00,84326.40,18.0,111310.85,729704.45,ONE_TIME
INVL-00172,INV-BILL-0038,PRODUCT,VAR-0082,,,Apple Mac Studio M2 Ultra 24-Core CPU 60-Core GPU / 16GB RAM / 512GB NVMe / Win 11 Pro,20,414900.00,7.50,622350.00,18.0,1381617.00,9057267.00,ONE_TIME
INVL-00173,INV-BILL-0038,PRODUCT,VAR-0624,,,ViewSonic ColorPro VP3481a 34-inch Curved Ultrawide USB-C / + Heavy-Duty Gas-Spring Ergonomic Desk Mount,25,86100.00,12.00,258300.00,18.0,340956.00,2235156.00,ONE_TIME
INVL-00174,INV-BILL-0038,SERVICE,,SRV-034,,On-Site Cryptographic Hard Drive Decommissioning & Shred,1,900.00,5.00,45.00,18.0,153.90,1008.90,ONE_TIME
INVL-00175,INV-BILL-0039,PRODUCT,VAR-0612,,,LG 34WN80C-B 34-inch 21:9 Curved Ultrawide USB-C Display / + Heavy-Duty Gas-Spring Ergonomic Desk Mount,2,54900.00,3.00,3294.00,18.0,19171.08,125677.08,ONE_TIME
INVL-00176,INV-BILL-0039,PRODUCT,VAR-0059,,,HP 240 G9 Essential Business Notebook / 16GB RAM / 512GB SSD / Win 11 Pro,60,47000.00,12.00,338400.00,18.0,446688.00,2928288.00,ONE_TIME
INVL-00177,INV-BILL-0039,PRODUCT,VAR-0180,,,Western Digital Ultrastar Data60 60-Bay JBOD Storage / Dual Controller / 10G/25G iSCSI & 32Gb FC,60,864000.00,10.00,5184000.00,18.0,8398080.00,55054080.00,ONE_TIME
INVL-00178,INV-BILL-0039,PRODUCT,VAR-0507,,,Cisco UCS C240 M7 2U Multi-Storage Enterprise Server / 256GB ECC / 8x 1.92TB Enterprise SAS SSD / Dual 1400W,10,774300.00,3.00,232290.00,18.0,1351927.80,8862637.80,ONE_TIME
INVL-00179,INV-BILL-0039,PRODUCT,VAR-0450,,,Dell OptiPlex 5400 All-in-One 23.8 FHD / 32GB DDR5 / 1TB NVMe / Win 11 Pro,2,89060.00,10.00,17812.00,18.0,28855.44,189163.44,ONE_TIME
INVL-00180,INV-BILL-0040,PRODUCT,VAR-0529,,,Synology RackStation RS4021xs+ 16-Bay 3U SAN/NAS / 128TB Raw / 32Gb Fibre Channel SAN Gateway,10,739200.00,3.00,221760.00,18.0,1290643.20,8460883.20,ONE_TIME
INVL-00181,INV-BILL-0040,PRODUCT,VAR-0238,,,Sophos XGS 3100 Datacenter Protection Appliance / Hardware Appliance / Base Bundle,40,456000.00,0.00,0.00,18.0,3283200.00,21523200.00,ONE_TIME
INVL-00182,INV-BILL-0040,PRODUCT,VAR-0630,,,HP E24m G4 23.8-inch Zoom Certified USB-C Web Display / + Heavy-Duty Gas-Spring Ergonomic Desk Mount,5,29700.00,0.00,0.00,18.0,26730.00,175230.00,ONE_TIME
INVL-00183,INV-BILL-0040,PRODUCT,VAR-0174,,,Synology RackStation RS4021xs+ 16-Bay 3U SAN/NAS / Dual Controller / 10G/25G iSCSI & 32Gb FC,10,528000.00,7.50,396000.00,18.0,879120.00,5763120.00,ONE_TIME
INVL-00184,INV-BILL-0040,PRODUCT,VAR-0037,,,Dell Latitude 7650 16-inch Executive Spreadsheets / 16GB RAM / 512GB SSD / Win 11 Pro,10,130000.00,12.00,156000.00,18.0,205920.00,1349920.00,ONE_TIME
INVL-00185,INV-BILL-0040,SUBSCRIPTION,,,SUB-013,Enterprise Desk-Side Support & SLA Helpdesk (Per User) (Monthly),1,750.00,0.00,0.00,18.0,135.00,885.00,RECURRING
INVL-00186,INV-BILL-0041,PRODUCT,VAR-0601,,,Dell P2422H 24-inch ComfortView Plus Business Monitor / + Heavy-Duty Gas-Spring Ergonomic Desk Mount,40,18300.00,12.00,87840.00,18.0,115948.80,760108.80,ONE_TIME
INVL-00187,INV-BILL-0041,PRODUCT,VAR-0206,,,Ubiquiti UniFi U6 Pro Dual-Band Wi-Fi 6 AP / 19-inch Rackmount / Redundant Power Ready,2,16800.00,0.00,0.00,18.0,6048.00,39648.00,ONE_TIME
INVL-00188,INV-BILL-0041,PRODUCT,VAR-0531,,,Synology DiskStation DS3622xs+ 12-Bay Enterprise Tower / 128TB Raw / 32Gb Fibre Channel SAN Gateway,25,394800.00,5.00,493500.00,18.0,1687770.00,11064270.00,ONE_TIME
INVL-00189,INV-BILL-0041,PRODUCT,VAR-0016,,,Core Ultra 7 / 32GB / 1TB SSD / 120Hz OLED,40,202000.00,10.00,808000.00,18.0,1308960.00,8580960.00,ONE_TIME
INVL-00190,INV-BILL-0041,SERVICE,,SRV-038,,Single-Mode Fiber Optic Fusion Splicing & OTDR Test,1,11500.00,5.00,575.00,18.0,1966.50,12891.50,ONE_TIME
INVL-00191,INV-BILL-0042,PRODUCT,VAR-0284,,,Eaton 9PX 1500VA 2U Online Double-Conversion UPS / Sealed Lead-Acid Battery / LCD Display,20,57600.00,7.50,86400.00,18.0,191808.00,1257408.00,ONE_TIME
INVL-00192,INV-BILL-0042,PRODUCT,VAR-0232,,,Palo Alto Networks PA-1410 10G Fiber Perimeter Gateway / Hardware Appliance / Base Bundle,25,696000.00,0.00,0.00,18.0,3132000.00,20532000.00,ONE_TIME
INVL-00193,INV-BILL-0042,PRODUCT,VAR-0621,,,Lenovo ThinkVision P27u-20 27-inch 4K Thunderbolt 4 Display / + Heavy-Duty Gas-Spring Ergonomic Desk Mount,10,63300.00,3.00,18990.00,18.0,110521.80,724531.80,ONE_TIME
INVL-00194,INV-BILL-0042,PRODUCT,VAR-0200,,,Aruba AP-515 Unified Campus Wi-Fi 6 Access Point / 19-inch Rackmount / Redundant Power Ready,20,45600.00,10.00,91200.00,18.0,147744.00,968544.00,ONE_TIME
INVL-00195,INV-BILL-0043,PRODUCT,VAR-0573,,,Ubiquiti UniFi Switch Aggregation 8-Port 10G SFP+ / Redundant AC Power Supply & Stacking Module,10,36000.00,5.00,18000.00,18.0,61560.00,403560.00,ONE_TIME
INVL-00196,INV-BILL-0043,PRODUCT,VAR-0075,,,HP EliteDesk 800 G9 Desktop Mini PC / 16GB RAM / 512GB NVMe / Win 11 Pro,2,70000.00,10.00,14000.00,18.0,22680.00,148680.00,ONE_TIME
INVL-00197,INV-BILL-0043,PRODUCT,VAR-0516,,,Dell PowerStore 500T All-Flash Unified Storage Array / 128TB Raw / 32Gb Fibre Channel SAN Gateway,10,1646400.00,10.00,1646400.00,18.0,2667168.00,17484768.00,ONE_TIME
INVL-00198,INV-BILL-0044,PRODUCT,VAR-0257,,,LG 34WN80C-B 34-inch 21:9 Curved Ultrawide USB-C Display / Factory Calibrated / Tilt-Swivel-Pivot,60,50400.00,3.00,90720.00,18.0,527990.40,3461270.40,ONE_TIME
INVL-00199,INV-BILL-0044,PRODUCT,VAR-0454,,,Dell Precision 3660 Tower Financial Workstation / 128GB ECC / 2TB NVMe Gen5 / Dual GPU Ready,60,159300.00,5.00,477900.00,18.0,1634418.00,10714518.00,ONE_TIME
INVL-00200,INV-BILL-0044,PRODUCT,VAR-0387,,,Core i7-1355U / 32GB DDR5 / 1TB NVMe / Win 11 Pro,60,192760.00,7.50,867420.00,18.0,1925672.40,12623852.40,ONE_TIME
INVL-00201,INV-BILL-0044,PRODUCT,VAR-0577,,,Fortinet FortiGate 60F Enterprise Branch Firewall / + 1-Year Enterprise Unified Threat Protection Suite,40,94600.00,7.50,283800.00,18.0,630036.00,4130236.00,ONE_TIME
INVL-00202,INV-BILL-0044,PRODUCT,VAR-0496,,,HPE ProLiant DL380 Gen11 2U 2P World Best-Selling Server / 256GB ECC / 8x 1.92TB Enterprise SAS SSD / Dual 1400W,25,756900.00,0.00,0.00,18.0,3406050.00,22328550.00,ONE_TIME
INVL-00203,INV-BILL-0044,SERVICE,,SRV-031,,Meeting Room Acoustic Echo Cancellation & Mic Array Tuning,1,7500.00,0.00,0.00,18.0,1350.00,8850.00,ONE_TIME
INVL-00204,INV-BILL-0044,SUBSCRIPTION,,,SUB-009,Proactive All-Flash SAN Storage Telemetry & Capacity Planning (Monthly),1,4200.00,0.00,0.00,18.0,756.00,4956.00,RECURRING
INVL-00205,INV-BILL-0045,PRODUCT,VAR-0392,,,Dell Latitude 7650 16-inch Executive Spreadsheets / 32GB DDR5 / 1TB NVMe / Win 11 Pro,40,158600.00,12.00,761280.00,18.0,1004889.60,6587609.60,ONE_TIME
INVL-00206,INV-BILL-0045,PRODUCT,VAR-0649,,,APC Smart-UPS 2200VA LCD 230V Workstation Tower / + Extended Battery Module (EBM) 2U Pack,5,85600.00,5.00,21400.00,18.0,73188.00,479788.00,ONE_TIME
INVL-00207,INV-BILL-0045,PRODUCT,VAR-0226,,,Fortinet FortiGate 200F High-Throughput Perimeter Firewall / Hardware Appliance / Base Bundle,20,408000.00,5.00,408000.00,18.0,1395360.00,9147360.00,ONE_TIME
INVL-00208,INV-BILL-0046,PRODUCT,VAR-0549,,,Cisco Meraki MS390-48P Multi-Gigabit Modular Uplinks / Redundant AC Power Supply & Stacking Module,2,424800.00,7.50,63720.00,18.0,141458.40,927338.40,ONE_TIME
INVL-00209,INV-BILL-0046,PRODUCT,VAR-0010,,,Core Ultra 9 / 64GB / 2TB / RTX 4070 / 4K+ OLED,40,270000.00,12.00,1296000.00,18.0,1710720.00,11214720.00,ONE_TIME
INVL-00210,INV-BILL-0046,PRODUCT,VAR-0270,,,Samsung ViewFinity S8 27-inch 4K Matte Anti-Glare Display / Factory Calibrated / Tilt-Swivel-Pivot,60,43200.00,5.00,129600.00,18.0,443232.00,2905632.00,ONE_TIME
INVL-00211,INV-BILL-0046,PRODUCT,VAR-0255,,,LG 27-inch 4K UHD IPS USB-C Display with HDR10 / Factory Calibrated / Tilt-Swivel-Pivot,2,34800.00,10.00,6960.00,18.0,11275.20,73915.20,ONE_TIME
INVL-00212,INV-BILL-0046,PRODUCT,VAR-0295,,,Eaton 5P 1500VA 1U High-Density Rackmount UPS / Sealed Lead-Acid Battery / LCD Display,5,38400.00,7.50,14400.00,18.0,31968.00,209568.00,ONE_TIME
INVL-00213,INV-BILL-0047,PRODUCT,VAR-0363,,,Jabra Evolve2 65 MS Wireless Noise-Cancelling Headset / Commercial Retail Pack,5,18600.00,12.00,11160.00,18.0,14731.20,96571.20,ONE_TIME
INVL-00214,INV-BILL-0047,PRODUCT,VAR-0224,,,Fortinet FortiGate 80F Dual WAN Bypass Firewall / Hardware Appliance / Base Bundle,40,132000.00,3.00,158400.00,18.0,921888.00,6043488.00,ONE_TIME
INVL-00215,INV-BILL-0047,PRODUCT,VAR-0588,,,Palo Alto Networks PA-3410 Datacenter Inspection Firewall / + 1-Year Enterprise Unified Threat Protection Suite,20,1201000.00,12.00,2882400.00,18.0,3804768.00,24942368.00,ONE_TIME
INVL-00216,INV-BILL-0047,PRODUCT,VAR-0276,,,Dell P3424WEB 34-inch Curved Video Conferencing Ultrawide / Factory Calibrated / Tilt-Swivel-Pivot,5,91200.00,3.00,13680.00,18.0,79617.60,521937.60,ONE_TIME
INVL-00217,INV-BILL-0047,SERVICE,,SRV-016,,Corporate Desktop & Micro-PC Desk-Side Rollout,1,1100.00,5.00,55.00,18.0,188.10,1233.10,ONE_TIME
INVL-00218,INV-BILL-0048,PRODUCT,VAR-0235,,,Sophos XGS 136 High-Capacity Branch Firewall / Hardware Appliance / Base Bundle,60,88800.00,10.00,532800.00,18.0,863136.00,5658336.00,ONE_TIME
INVL-00219,INV-BILL-0048,PRODUCT,VAR-0208,,,Juniper EX2300 24-Port Gigabit PoE+ Compact Switch / 19-inch Rackmount / Redundant Power Ready,10,98400.00,3.00,29520.00,18.0,171806.40,1126286.40,ONE_TIME
INVL-00220,INV-BILL-0048,PRODUCT,VAR-0256,,,LG 32UN880 Ergo Arm 32-inch 4K UHD UltraFine Display / Factory Calibrated / Tilt-Swivel-Pivot,60,55200.00,0.00,0.00,18.0,596160.00,3908160.00,ONE_TIME
INVL-00221,INV-BILL-0048,SUBSCRIPTION,,,SUB-004,Platinum Datacenter Server Cluster AMC with Spares Onsite (Yearly),1,110000.00,0.00,0.00,18.0,19800.00,129800.00,RECURRING
INVL-00222,INV-BILL-0049,PRODUCT,VAR-0505,,,Lenovo ThinkSystem ST550 4U Enterprise Tower/Rack Server / 256GB ECC / 8x 1.92TB Enterprise SAS SSD / Dual 1400W,60,400200.00,10.00,2401200.00,18.0,3889944.00,25500744.00,ONE_TIME
INVL-00223,INV-BILL-0049,PRODUCT,VAR-0629,,,Dell C2423H 24-inch Video Conferencing FHD Display / + Heavy-Duty Gas-Spring Ergonomic Desk Mount,2,27900.00,7.50,4185.00,18.0,9290.70,60905.70,ONE_TIME
INVL-00224,INV-BILL-0049,PRODUCT,VAR-0007,,,Core Ultra 7 / 32GB / 1TB SSD / Win 11 Pro,10,163000.00,10.00,163000.00,18.0,264060.00,1731060.00,ONE_TIME
INVL-00225,INV-BILL-0050,PRODUCT,VAR-0505,,,Lenovo ThinkSystem ST550 4U Enterprise Tower/Rack Server / 256GB ECC / 8x 1.92TB Enterprise SAS SSD / Dual 1400W,5,400200.00,10.00,200100.00,18.0,324162.00,2125062.00,ONE_TIME
INVL-00226,INV-BILL-0050,PRODUCT,VAR-0589,,,Sophos XGS 116 Desktop Next-Gen Firewall with PoE / + 1-Year Enterprise Unified Threat Protection Suite,10,82600.00,7.50,61950.00,18.0,137529.00,901579.00,ONE_TIME
INVL-00227,INV-BILL-0050,PRODUCT,VAR-0282,,,APC Smart-UPS On-Line SRT 6000VA 230V 4U Server Room / Sealed Lead-Acid Battery / LCD Display,5,258000.00,10.00,129000.00,18.0,208980.00,1369980.00,ONE_TIME
INVL-00228,INV-BILL-0050,PRODUCT,VAR-0503,,,Lenovo ThinkSystem SR655 V3 2U High-Core AMD EPYC Single-P / 256GB ECC / 8x 1.92TB Enterprise SAS SSD / Dual 1400W,5,591600.00,0.00,0.00,18.0,532440.00,3490440.00,ONE_TIME
INVL-00229,INV-BILL-0050,SERVICE,,SRV-034,,On-Site Cryptographic Hard Drive Decommissioning & Shred,1,900.00,5.00,45.00,18.0,153.90,1008.90,ONE_TIME
INVL-00230,INV-BILL-0051,PRODUCT,VAR-0554,,,Aruba CX 6300M 48-Port Smart Rate 10G PoE Switch / Redundant AC Power Supply & Stacking Module,20,561600.00,12.00,1347840.00,18.0,1779148.80,11663308.80,ONE_TIME
INVL-00231,INV-BILL-0051,PRODUCT,VAR-0034,,,Dell Latitude 5340 13.3-inch Ultra-Portable / 16GB RAM / 512GB SSD / Win 11 Pro,60,78000.00,3.00,140400.00,18.0,817128.00,5356728.00,ONE_TIME
INVL-00232,INV-BILL-0051,PRODUCT,VAR-0515,,,Lenovo ThinkSystem SR665 V3 2U Dual AMD 128-Core / 256GB ECC / 8x 1.92TB Enterprise SAS SSD / Dual 1400W,20,817800.00,0.00,0.00,18.0,2944080.00,19300080.00,ONE_TIME
INVL-00233,INV-BILL-0051,PRODUCT,VAR-0356,,,Lenovo ThinkPad Universal USB-C Dock v2 Triple Display / Commercial Retail Pack,40,16200.00,10.00,64800.00,18.0,104976.00,688176.00,ONE_TIME
INVL-00234,INV-BILL-0052,PRODUCT,VAR-0324,,,Apple iPad Pro 13-inch M4 Ultra-Thin Tandem OLED 256GB / Stylus Support / Enterprise Security,20,129900.00,10.00,259800.00,18.0,420876.00,2759076.00,ONE_TIME
INVL-00235,INV-BILL-0052,PRODUCT,VAR-0009,,,Core Ultra 7 / 32GB / 1TB / RTX 4050 / 3.2K OLED,2,210000.00,5.00,21000.00,18.0,71820.00,470820.00,ONE_TIME
INVL-00236,INV-BILL-0052,PRODUCT,VAR-0013,,,Core i7-1365U / 16GB / 512GB SSD / Win 11 Pro,10,110000.00,10.00,110000.00,18.0,178200.00,1168200.00,ONE_TIME
INVL-00237,INV-BILL-0052,PRODUCT,VAR-0216,,,Aruba 10G SFP+ LC SR 300m MMF Transceiver (Pack of 4) / 19-inch Rackmount / Redundant Power Ready,60,33600.00,5.00,100800.00,18.0,344736.00,2259936.00,ONE_TIME
INVL-00238,INV-BILL-0052,SUBSCRIPTION,,,SUB-006,Managed Firewall Security Operations (SOC) & Threat Feeds (Monthly),1,9200.00,0.00,0.00,18.0,1656.00,10856.00,RECURRING
INVL-00239,INV-BILL-0053,PRODUCT,VAR-0270,,,Samsung ViewFinity S8 27-inch 4K Matte Anti-Glare Display / Factory Calibrated / Tilt-Swivel-Pivot,10,43200.00,5.00,21600.00,18.0,73872.00,484272.00,ONE_TIME
INVL-00240,INV-BILL-0053,PRODUCT,VAR-0243,,,Cisco Secure Firewall Firepower 1120 1U Appliance / Hardware Appliance / Base Bundle,5,186000.00,7.50,69750.00,18.0,154845.00,1015095.00,ONE_TIME
INVL-00241,INV-BILL-0053,PRODUCT,VAR-0276,,,Dell P3424WEB 34-inch Curved Video Conferencing Ultrawide / Factory Calibrated / Tilt-Swivel-Pivot,20,91200.00,3.00,54720.00,18.0,318470.40,2087750.40,ONE_TIME
INVL-00242,INV-BILL-0053,PRODUCT,VAR-0483,,,ASUS ExpertCenter E500 G9 Intel Xeon Tower / 128GB ECC / 2TB NVMe Gen5 / Dual GPU Ready,20,186300.00,12.00,447120.00,18.0,590198.40,3869078.40,ONE_TIME
INVL-00243,INV-BILL-0053,PRODUCT,VAR-0628,,,ASUS ProArt PA329CV 32-inch 4K HDR-400 Professional / + Heavy-Duty Gas-Spring Ergonomic Desk Mount,60,71700.00,5.00,215100.00,18.0,735642.00,4822542.00,ONE_TIME
INVL-00244,INV-BILL-0053,SERVICE,,SRV-024,,Samsung Knox Enterprise Mobility Policy Enrollment,1,850.00,5.00,42.50,18.0,145.35,952.85,ONE_TIME
INVL-00245,INV-BILL-0054,PRODUCT,VAR-0462,,,Lenovo ThinkStation P7 Single-Socket Intel Xeon W-3400 / 128GB ECC / 2TB NVMe Gen5 / Dual GPU Ready,25,469800.00,12.00,1409400.00,18.0,1860408.00,12196008.00,ONE_TIME
INVL-00246,INV-BILL-0054,PRODUCT,VAR-0185,,,Seagate Exos X20 20TB Enterprise SAS 12Gbps 7.2K (Pack of 4) / Dual Controller / 10G/25G iSCSI & 32Gb FC,5,134000.00,0.00,0.00,18.0,120600.00,790600.00,ONE_TIME
INVL-00247,INV-BILL-0054,PRODUCT,VAR-0586,,,Palo Alto Networks PA-460 Multi-Gigabit NGFW / + 1-Year Enterprise Unified Threat Protection Suite,40,361000.00,5.00,722000.00,18.0,2469240.00,16187240.00,ONE_TIME
INVL-00248,INV-BILL-0054,PRODUCT,VAR-0135,,,Dell PowerEdge R760xs 2U Cloud Scale Optimized / 128GB ECC / 2x 1.92TB SAS SSD / Redundant 1100W PSU,60,432000.00,3.00,777600.00,18.0,4525632.00,29668032.00,ONE_TIME
INVL-00249,INV-BILL-0055,PRODUCT,VAR-0443,,,Dell OptiPlex 3000 Thin Client Dual 4K / 32GB DDR5 / 1TB NVMe / Win 11 Pro,20,47580.00,0.00,0.00,18.0,171288.00,1122888.00,ONE_TIME
INVL-00250,INV-BILL-0055,PRODUCT,VAR-0391,,,Dell Latitude 7340 13.3-inch Executive Lightweight / 32GB DDR5 / 1TB NVMe / Win 11 Pro,5,137860.00,7.50,51697.50,18.0,114768.45,752370.95,ONE_TIME
INVL-00251,INV-BILL-0055,PRODUCT,VAR-0201,,,Aruba AP-635 Enterprise Wi-Fi 6E Tri-Band Access Point / 19-inch Rackmount / Redundant Power Ready,20,69600.00,3.00,41760.00,18.0,243043.20,1593283.20,ONE_TIME
INVL-00252,INV-BILL-0055,PRODUCT,VAR-0150,,,Lenovo ThinkSystem ST550 4U Enterprise Tower/Rack Server / 128GB ECC / 2x 1.92TB SAS SSD / Redundant 1100W PSU,60,276000.00,12.00,1987200.00,18.0,2623104.00,17195904.00,ONE_TIME
INVL-00253,INV-BILL-0055,PRODUCT,VAR-0154,,,Dell PowerEdge T350 1-Socket Tower Hot-Plug Storage / 128GB ECC / 2x 1.92TB SAS SSD / Redundant 1100W PSU,25,150000.00,10.00,375000.00,18.0,607500.00,3982500.00,ONE_TIME
INVL-00254,INV-BILL-0056,PRODUCT,VAR-0324,,,Apple iPad Pro 13-inch M4 Ultra-Thin Tandem OLED 256GB / Stylus Support / Enterprise Security,60,129900.00,10.00,779400.00,18.0,1262628.00,8277228.00,ONE_TIME
INVL-00255,INV-BILL-0056,PRODUCT,VAR-0499,,,HPE ProLiant DL560 Gen11 2U 4-Socket High-Density / 256GB ECC / 8x 1.92TB Enterprise SAS SSD / Dual 1400W,2,1357200.00,7.50,203580.00,18.0,451947.60,2962767.60,ONE_TIME
INVL-00256,INV-BILL-0056,PRODUCT,VAR-0308,,,Pixel 8 Pro 256GB / Obsidian,2,106999.00,12.00,25679.76,18.0,33897.28,222215.52,ONE_TIME
INVL-00257,INV-BILL-0056,PRODUCT,VAR-0257,,,LG 34WN80C-B 34-inch 21:9 Curved Ultrawide USB-C Display / Factory Calibrated / Tilt-Swivel-Pivot,5,50400.00,0.00,0.00,18.0,45360.00,297360.00,ONE_TIME
INVL-00258,INV-BILL-0056,PRODUCT,VAR-0576,,,Fortinet FortiGate 40F Secure SD-WAN Firewall / + 1-Year Enterprise Unified Threat Protection Suite,5,70600.00,5.00,17650.00,18.0,60363.00,395713.00,ONE_TIME
INVL-00259,INV-BILL-0056,SERVICE,,SRV-031,,Meeting Room Acoustic Echo Cancellation & Mic Array Tuning,1,7500.00,10.00,750.00,18.0,1215.00,7965.00,ONE_TIME
INVL-00260,INV-BILL-0056,SUBSCRIPTION,,,SUB-004,Platinum Datacenter Server Cluster AMC with Spares Onsite (Yearly),1,110000.00,0.00,0.00,18.0,19800.00,129800.00,RECURRING
