allocation_id,quotation_id,quotation_line_id,variant_id,warehouse_id,allocated_quantity,fulfillment_status,allocated_at
WALLOC-00001,QT-MUM-0001,QL-00001,VAR-0001,WH-001,30,ALLOCATED,2026-02-28T14:00:00Z
WALLOC-00002,QT-MUM-0001,QL-00002,VAR-0249,WH-001,30,ALLOCATED,2026-02-28T14:00:00Z
WALLOC-00003,QT-MUM-0001,QL-00003,VAR-0352,WH-001,30,ALLOCATED,2026-02-28T14:00:00Z
WALLOC-00004,QT-MUM-0002,QL-00005,VAR-0006,WH-001,25,ALLOCATED,2026-02-28T14:00:00Z
WALLOC-00005,QT-MUM-0002,QL-00006,VAR-0353,WH-001,25,ALLOCATED,2026-02-28T14:00:00Z
WALLOC-00006,QT-MUM-0002,QL-00007,VAR-0249,WH-001,25,ALLOCATED,2026-02-28T14:00:00Z
WALLOC-00007,QT-MUM-0002,QL-00008,VAR-0363,WH-001,25,ALLOCATED,2026-02-28T14:00:00Z
WALLOC-00008,QT-MUM-0003,QL-00010,VAR-0011,WH-001,50,ALLOCATED,2026-02-28T14:00:00Z
WALLOC-00009,QT-MUM-0003,QL-00011,VAR-0011,WH-003,30,PARTIAL_SPLIT,2026-02-28T14:00:00Z
WALLOC-00010,QT-MUM-0004,QL-00013,VAR-0134,WH-001,12,ALLOCATED,2026-02-28T14:00:00Z
WALLOC-00011,QT-MUM-0004,QL-00014,VAR-0134,WH-001,8,BACKORDERED,2026-02-28T14:00:00Z
WALLOC-00012,QT-MUM-0005,QL-00016,VAR-0001,WH-001,50,ALLOCATED,2026-02-28T14:00:00Z
WALLOC-00013,QT-MUM-0006,QL-00019,VAR-0028,WH-001,14,ALLOCATED,2026-02-28T14:00:00Z
WALLOC-00014,QT-MUM-0007,QL-00021,VAR-0298,WH-001,12,ALLOCATED,2026-02-28T14:00:00Z
WALLOC-00015,QT-MUM-0007,QL-00022,VAR-0298,WH-002,8,PARTIAL_SPLIT,2026-02-28T14:00:00Z
WALLOC-00016,QT-MUM-0008,QL-00024,VAR-0134,WH-001,4,ALLOCATED,2026-02-28T14:00:00Z
WALLOC-00017,QT-MUM-0008,QL-00025,VAR-0134,WH-003,3,PARTIAL_SPLIT,2026-02-28T14:00:00Z
WALLOC-00018,QT-MUM-0008,QL-00026,VAR-0134,WH-004,3,PARTIAL_SPLIT,2026-02-28T14:00:00Z
WALLOC-00019,QT-MUM-0009,QL-00028,VAR-0026,WH-001,15,ALLOCATED,2026-02-28T14:00:00Z
WALLOC-00020,QT-MUM-0010,QL-00029,VAR-0189,WH-001,12,ALLOCATED,2026-02-28T14:00:00Z
WALLOC-00021,QT-MUM-0011,QL-00031,VAR-0391,WH-001,5,ALLOCATED,2026-02-28T14:00:00Z
WALLOC-00022,QT-MUM-0011,QL-00032,VAR-0405,WH-001,5,ALLOCATED,2026-02-28T14:00:00Z
WALLOC-00023,QT-MUM-0011,QL-00033,VAR-0032,WH-001,40,ALLOCATED,2026-02-28T14:00:00Z
WALLOC-00024,QT-MUM-0011,QL-00034,VAR-0486,WH-001,60,ALLOCATED,2026-02-28T14:00:00Z
WALLOC-00025,QT-MUM-0012,QL-00035,VAR-0650,WH-001,2,ALLOCATED,2026-02-28T14:00:00Z
WALLOC-00026,QT-MUM-0012,QL-00036,VAR-0148,WH-001,60,ALLOCATED,2026-02-28T14:00:00Z
WALLOC-00027,QT-MUM-0012,QL-00037,VAR-0306,WH-001,5,ALLOCATED,2026-02-28T14:00:00Z
WALLOC-00028,QT-MUM-0012,QL-00038,VAR-0383,WH-001,2,ALLOCATED,2026-02-28T14:00:00Z
WALLOC-00029,QT-MUM-0013,QL-00041,VAR-0561,WH-001,5,ALLOCATED,2026-02-28T14:00:00Z
WALLOC-00030,QT-MUM-0013,QL-00042,VAR-0088,WH-001,40,ALLOCATED,2026-02-28T14:00:00Z
WALLOC-00031,QT-MUM-0013,QL-00043,VAR-0313,WH-001,5,ALLOCATED,2026-02-28T14:00:00Z
WALLOC-00032,QT-MUM-0013,QL-00044,VAR-0216,WH-001,5,ALLOCATED,2026-02-28T14:00:00Z
WALLOC-00033,QT-MUM-0013,QL-00045,VAR-0353,WH-001,25,ALLOCATED,2026-02-28T14:00:00Z
WALLOC-00034,QT-MUM-0014,QL-00046,VAR-0118,WH-001,60,ALLOCATED,2026-02-28T14:00:00Z
WALLOC-00035,QT-MUM-0014,QL-00047,VAR-0186,WH-001,60,ALLOCATED,2026-02-28T14:00:00Z
WALLOC-00036,QT-MUM-0014,QL-00048,VAR-0581,WH-001,20,ALLOCATED,2026-02-28T14:00:00Z
WALLOC-00037,QT-MUM-0015,QL-00049,VAR-0075,WH-001,5,ALLOCATED,2026-02-28T14:00:00Z
WALLOC-00038,QT-MUM-0015,QL-00050,VAR-0298,WH-001,25,ALLOCATED,2026-02-28T14:00:00Z
WALLOC-00039,QT-MUM-0015,QL-00051,VAR-0069,WH-001,10,ALLOCATED,2026-02-28T14:00:00Z
WALLOC-00040,QT-MUM-0015,QL-00052,VAR-0257,WH-001,5,ALLOCATED,2026-02-28T14:00:00Z
WALLOC-00041,QT-MUM-0015,QL-00053,VAR-0101,WH-001,40,ALLOCATED,2026-02-28T14:00:00Z
WALLOC-00042,QT-MUM-0016,QL-00055,VAR-0072,WH-001,10,ALLOCATED,2026-02-28T14:00:00Z
WALLOC-00043,QT-MUM-0016,QL-00056,VAR-0199,WH-001,40,ALLOCATED,2026-02-28T14:00:00Z
WALLOC-00044,QT-MUM-0016,QL-00057,VAR-0326,WH-001,40,ALLOCATED,2026-02-28T14:00:00Z
WALLOC-00045,QT-MUM-0016,QL-00058,VAR-0498,WH-001,5,ALLOCATED,2026-02-28T14:00:00Z
WALLOC-00046,QT-MUM-0016,QL-00059,VAR-0462,WH-001,25,ALLOCATED,2026-02-28T14:00:00Z
WALLOC-00047,QT-MUM-0017,QL-00061,VAR-0173,WH-001,60,ALLOCATED,2026-02-28T14:00:00Z
WALLOC-00048,QT-MUM-0017,QL-00062,VAR-0005,WH-001,40,ALLOCATED,2026-02-28T14:00:00Z
WALLOC-00049,QT-MUM-0017,QL-00063,VAR-0321,WH-001,40,ALLOCATED,2026-02-28T14:00:00Z
WALLOC-00050,QT-MUM-0017,QL-00064,VAR-0253,WH-001,10,ALLOCATED,2026-02-28T14:00:00Z
WALLOC-00051,QT-MUM-0018,QL-00065,VAR-0340,WH-001,20,ALLOCATED,2026-02-28T14:00:00Z
WALLOC-00052,QT-MUM-0018,QL-00066,VAR-0492,WH-001,60,ALLOCATED,2026-02-28T14:00:00Z
WALLOC-00053,QT-MUM-0018,QL-00067,VAR-0474,WH-001,20,ALLOCATED,2026-02-28T14:00:00Z
WALLOC-00054,QT-MUM-0019,QL-00069,VAR-0622,WH-001,5,ALLOCATED,2026-02-28T14:00:00Z
WALLOC-00055,QT-MUM-0019,QL-00070,VAR-0084,WH-001,40,ALLOCATED,2026-02-28T14:00:00Z
WALLOC-00056,QT-MUM-0019,QL-00071,VAR-0288,WH-001,2,ALLOCATED,2026-02-28T14:00:00Z
WALLOC-00057,QT-MUM-0019,QL-00072,VAR-0144,WH-001,2,ALLOCATED,2026-02-28T14:00:00Z
WALLOC-00058,QT-MUM-0019,QL-00073,VAR-0552,WH-001,60,ALLOCATED,2026-02-28T14:00:00Z
WALLOC-00059,QT-MUM-0020,QL-00074,VAR-0032,WH-001,5,ALLOCATED,2026-02-28T14:00:00Z
WALLOC-00060,QT-MUM-0020,QL-00075,VAR-0596,WH-001,25,ALLOCATED,2026-02-28T14:00:00Z
WALLOC-00061,QT-MUM-0020,QL-00076,VAR-0593,WH-001,25,ALLOCATED,2026-02-28T14:00:00Z
WALLOC-00062,QT-MUM-0020,QL-00077,VAR-0415,WH-001,20,ALLOCATED,2026-02-28T14:00:00Z
WALLOC-00063,QT-MUM-0020,QL-00078,VAR-0605,WH-001,60,ALLOCATED,2026-02-28T14:00:00Z
WALLOC-00064,QT-MUM-0021,QL-00080,VAR-0229,WH-001,20,ALLOCATED,2026-02-28T14:00:00Z
WALLOC-00065,QT-MUM-0021,QL-00081,VAR-0604,WH-001,25,ALLOCATED,2026-02-28T14:00:00Z
WALLOC-00066,QT-MUM-0021,QL-00082,VAR-0298,WH-001,20,ALLOCATED,2026-02-28T14:00:00Z
WALLOC-00067,QT-MUM-0021,QL-00083,VAR-0138,WH-001,25,ALLOCATED,2026-02-28T14:00:00Z
WALLOC-00068,QT-MUM-0022,QL-00085,VAR-0170,WH-001,5,ALLOCATED,2026-02-28T14:00:00Z
WALLOC-00069,QT-MUM-0022,QL-00086,VAR-0527,WH-001,25,ALLOCATED,2026-02-28T14:00:00Z
WALLOC-00070,QT-MUM-0022,QL-00087,VAR-0144,WH-001,60,ALLOCATED,2026-02-28T14:00:00Z
WALLOC-00071,QT-MUM-0022,QL-00088,VAR-0457,WH-001,40,ALLOCATED,2026-02-28T14:00:00Z
WALLOC-00072,QT-MUM-0022,QL-00089,VAR-0164,WH-001,20,ALLOCATED,2026-02-28T14:00:00Z
WALLOC-00073,QT-MUM-0023,QL-00090,VAR-0225,WH-001,2,ALLOCATED,2026-02-28T14:00:00Z
WALLOC-00074,QT-MUM-0023,QL-00091,VAR-0500,WH-001,10,ALLOCATED,2026-02-28T14:00:00Z
WALLOC-00075,QT-MUM-0023,QL-00092,VAR-0238,WH-001,2,ALLOCATED,2026-02-28T14:00:00Z
WALLOC-00076,QT-MUM-0024,QL-00093,VAR-0531,WH-001,20,ALLOCATED,2026-02-28T14:00:00Z
WALLOC-00077,QT-MUM-0024,QL-00094,VAR-0370,WH-001,2,ALLOCATED,2026-02-28T14:00:00Z
WALLOC-00078,QT-MUM-0024,QL-00095,VAR-0398,WH-001,40,ALLOCATED,2026-02-28T14:00:00Z
WALLOC-00079,QT-MUM-0025,QL-00098,VAR-0281,WH-001,5,ALLOCATED,2026-02-28T14:00:00Z
WALLOC-00080,QT-MUM-0025,QL-00099,VAR-0270,WH-001,40,ALLOCATED,2026-02-28T14:00:00Z
WALLOC-00081,QT-MUM-0025,QL-00100,VAR-0593,WH-001,10,ALLOCATED,2026-02-28T14:00:00Z
WALLOC-00082,QT-MUM-0025,QL-00101,VAR-0558,WH-001,40,ALLOCATED,2026-02-28T14:00:00Z
WALLOC-00083,QT-MUM-0025,QL-00102,VAR-0584,WH-001,25,ALLOCATED,2026-02-28T14:00:00Z
WALLOC-00084,QT-MUM-0026,QL-00103,VAR-0229,WH-001,60,ALLOCATED,2026-02-28T14:00:00Z
WALLOC-00085,QT-MUM-0026,QL-00104,VAR-0529,WH-001,20,ALLOCATED,2026-02-28T14:00:00Z
WALLOC-00086,QT-MUM-0026,QL-00105,VAR-0416,WH-001,25,ALLOCATED,2026-02-28T14:00:00Z
WALLOC-00087,QT-MUM-0026,QL-00106,VAR-0362,WH-001,25,ALLOCATED,2026-02-28T14:00:00Z
WALLOC-00088,QT-MUM-0027,QL-00107,VAR-0170,WH-001,40,ALLOCATED,2026-02-28T14:00:00Z
WALLOC-00089,QT-MUM-0027,QL-00108,VAR-0236,WH-001,5,ALLOCATED,2026-02-28T14:00:00Z
WALLOC-00090,QT-MUM-0027,QL-00109,VAR-0079,WH-001,5,ALLOCATED,2026-02-28T14:00:00Z
WALLOC-00091,QT-MUM-0027,QL-00110,VAR-0527,WH-001,10,ALLOCATED,2026-02-28T14:00:00Z
WALLOC-00092,QT-MUM-0028,QL-00112,VAR-0425,WH-001,20,ALLOCATED,2026-02-28T14:00:00Z
WALLOC-00093,QT-MUM-0028,QL-00113,VAR-0339,WH-001,20,ALLOCATED,2026-02-28T14:00:00Z
WALLOC-00094,QT-MUM-0028,QL-00114,VAR-0117,WH-001,5,ALLOCATED,2026-02-28T14:00:00Z
WALLOC-00095,QT-MUM-0029,QL-00116,VAR-0421,WH-001,25,ALLOCATED,2026-02-28T14:00:00Z
WALLOC-00096,QT-MUM-0029,QL-00117,VAR-0023,WH-001,5,ALLOCATED,2026-02-28T14:00:00Z
WALLOC-00097,QT-MUM-0029,QL-00118,VAR-0250,WH-001,40,ALLOCATED,2026-02-28T14:00:00Z
WALLOC-00098,QT-MUM-0029,QL-00119,VAR-0045,WH-001,2,ALLOCATED,2026-02-28T14:00:00Z
WALLOC-00099,QT-MUM-0029,QL-00120,VAR-0131,WH-001,5,ALLOCATED,2026-02-28T14:00:00Z
WALLOC-00100,QT-MUM-0030,QL-00121,VAR-0265,WH-001,20,ALLOCATED,2026-02-28T14:00:00Z
WALLOC-00101,QT-MUM-0030,QL-00122,VAR-0185,WH-001,25,ALLOCATED,2026-02-28T14:00:00Z
WALLOC-00102,QT-MUM-0030,QL-00123,VAR-0530,WH-001,2,ALLOCATED,2026-02-28T14:00:00Z
WALLOC-00103,QT-MUM-0031,QL-00125,VAR-0460,WH-001,60,ALLOCATED,2026-02-28T14:00:00Z
WALLOC-00104,QT-MUM-0031,QL-00126,VAR-0622,WH-001,5,ALLOCATED,2026-02-28T14:00:00Z
WALLOC-00105,QT-MUM-0031,QL-00127,VAR-0483,WH-001,60,ALLOCATED,2026-02-28T14:00:00Z
WALLOC-00106,QT-MUM-0032,QL-00128,VAR-0147,WH-001,10,ALLOCATED,2026-02-28T14:00:00Z
WALLOC-00107,QT-MUM-0032,QL-00129,VAR-0597,WH-001,40,ALLOCATED,2026-02-28T14:00:00Z
WALLOC-00108,QT-MUM-0032,QL-00130,VAR-0187,WH-001,10,ALLOCATED,2026-02-28T14:00:00Z
WALLOC-00109,QT-MUM-0032,QL-00131,VAR-0639,WH-001,25,ALLOCATED,2026-02-28T14:00:00Z
WALLOC-00110,QT-MUM-0032,QL-00132,VAR-0524,WH-001,2,ALLOCATED,2026-02-28T14:00:00Z
WALLOC-00111,QT-MUM-0033,QL-00134,VAR-0136,WH-001,25,ALLOCATED,2026-02-28T14:00:00Z
WALLOC-00112,QT-MUM-0033,QL-00135,VAR-0112,WH-001,40,ALLOCATED,2026-02-28T14:00:00Z
WALLOC-00113,QT-MUM-0033,QL-00136,VAR-0017,WH-001,60,ALLOCATED,2026-02-28T14:00:00Z
WALLOC-00114,QT-MUM-0033,QL-00137,VAR-0208,WH-001,25,ALLOCATED,2026-02-28T14:00:00Z
WALLOC-00115,QT-MUM-0034,QL-00139,VAR-0615,WH-001,2,ALLOCATED,2026-02-28T14:00:00Z
WALLOC-00116,QT-MUM-0034,QL-00140,VAR-0040,WH-001,40,ALLOCATED,2026-02-28T14:00:00Z
WALLOC-00117,QT-MUM-0034,QL-00141,VAR-0545,WH-001,25,ALLOCATED,2026-02-28T14:00:00Z
WALLOC-00118,QT-MUM-0034,QL-00142,VAR-0516,WH-001,60,ALLOCATED,2026-02-28T14:00:00Z
WALLOC-00119,QT-MUM-0034,QL-00143,VAR-0121,WH-001,60,ALLOCATED,2026-02-28T14:00:00Z
WALLOC-00120,QT-MUM-0035,QL-00144,VAR-0442,WH-001,40,ALLOCATED,2026-02-28T14:00:00Z
WALLOC-00121,QT-MUM-0035,QL-00145,VAR-0535,WH-001,20,ALLOCATED,2026-02-28T14:00:00Z
WALLOC-00122,QT-MUM-0035,QL-00146,VAR-0431,WH-001,60,ALLOCATED,2026-02-28T14:00:00Z
WALLOC-00123,QT-MUM-0035,QL-00147,VAR-0380,WH-001,60,ALLOCATED,2026-02-28T14:00:00Z
WALLOC-00124,QT-MUM-0035,QL-00148,VAR-0045,WH-001,10,ALLOCATED,2026-02-28T14:00:00Z
WALLOC-00125,QT-MUM-0036,QL-00149,VAR-0590,WH-001,20,ALLOCATED,2026-02-28T14:00:00Z
WALLOC-00126,QT-MUM-0036,QL-00150,VAR-0101,WH-001,60,ALLOCATED,2026-02-28T14:00:00Z
WALLOC-00127,QT-MUM-0036,QL-00151,VAR-0436,WH-001,10,ALLOCATED,2026-02-28T14:00:00Z
WALLOC-00128,QT-MUM-0036,QL-00152,VAR-0138,WH-001,25,ALLOCATED,2026-02-28T14:00:00Z
WALLOC-00129,QT-MUM-0036,QL-00153,VAR-0261,WH-001,10,ALLOCATED,2026-02-28T14:00:00Z
WALLOC-00130,QT-MUM-0037,QL-00156,VAR-0536,WH-001,40,ALLOCATED,2026-02-28T14:00:00Z
WALLOC-00131,QT-MUM-0037,QL-00157,VAR-0121,WH-001,40,ALLOCATED,2026-02-28T14:00:00Z
WALLOC-00132,QT-MUM-0037,QL-00158,VAR-0533,WH-001,20,ALLOCATED,2026-02-28T14:00:00Z
WALLOC-00133,QT-MUM-0037,QL-00159,VAR-0008,WH-001,2,ALLOCATED,2026-02-28T14:00:00Z
WALLOC-00134,QT-MUM-0037,QL-00160,VAR-0385,WH-001,20,ALLOCATED,2026-02-28T14:00:00Z
WALLOC-00135,QT-MUM-0038,QL-00161,VAR-0260,WH-001,10,ALLOCATED,2026-02-28T14:00:00Z
WALLOC-00136,QT-MUM-0038,QL-00162,VAR-0268,WH-001,10,ALLOCATED,2026-02-28T14:00:00Z
WALLOC-00137,QT-MUM-0038,QL-00163,VAR-0549,WH-001,20,ALLOCATED,2026-02-28T14:00:00Z
WALLOC-00138,QT-MUM-0038,QL-00164,VAR-0434,WH-001,20,ALLOCATED,2026-02-28T14:00:00Z
WALLOC-00139,QT-MUM-0038,QL-00165,VAR-0579,WH-001,60,ALLOCATED,2026-02-28T14:00:00Z
WALLOC-00140,QT-MUM-0039,QL-00166,VAR-0184,WH-001,20,ALLOCATED,2026-02-28T14:00:00Z
WALLOC-00141,QT-MUM-0039,QL-00167,VAR-0380,WH-001,10,ALLOCATED,2026-02-28T14:00:00Z
WALLOC-00142,QT-MUM-0039,QL-00168,VAR-0573,WH-001,10,ALLOCATED,2026-02-28T14:00:00Z
WALLOC-00143,QT-MUM-0039,QL-00169,VAR-0569,WH-001,20,ALLOCATED,2026-02-28T14:00:00Z
WALLOC-00144,QT-MUM-0040,QL-00171,VAR-0236,WH-001,2,ALLOCATED,2026-02-28T14:00:00Z
WALLOC-00145,QT-MUM-0040,QL-00172,VAR-0458,WH-001,25,ALLOCATED,2026-02-28T14:00:00Z
WALLOC-00146,QT-MUM-0040,QL-00173,VAR-0166,WH-001,60,ALLOCATED,2026-02-28T14:00:00Z
WALLOC-00147,QT-MUM-0041,QL-00175,VAR-0054,WH-001,60,ALLOCATED,2026-02-28T14:00:00Z
WALLOC-00148,QT-MUM-0041,QL-00176,VAR-0165,WH-001,60,ALLOCATED,2026-02-28T14:00:00Z
WALLOC-00149,QT-MUM-0041,QL-00177,VAR-0399,WH-001,20,ALLOCATED,2026-02-28T14:00:00Z
WALLOC-00150,QT-MUM-0041,QL-00178,VAR-0652,WH-001,20,ALLOCATED,2026-02-28T14:00:00Z
WALLOC-00151,QT-MUM-0041,QL-00179,VAR-0006,WH-001,2,ALLOCATED,2026-02-28T14:00:00Z
WALLOC-00152,QT-MUM-0042,QL-00180,VAR-0380,WH-001,2,ALLOCATED,2026-02-28T14:00:00Z
WALLOC-00153,QT-MUM-0042,QL-00181,VAR-0082,WH-001,20,ALLOCATED,2026-02-28T14:00:00Z
WALLOC-00154,QT-MUM-0042,QL-00182,VAR-0624,WH-001,25,ALLOCATED,2026-02-28T14:00:00Z
WALLOC-00155,QT-MUM-0043,QL-00184,VAR-0612,WH-001,2,ALLOCATED,2026-02-28T14:00:00Z
WALLOC-00156,QT-MUM-0043,QL-00185,VAR-0059,WH-001,60,ALLOCATED,2026-02-28T14:00:00Z
WALLOC-00157,QT-MUM-0043,QL-00186,VAR-0180,WH-001,60,ALLOCATED,2026-02-28T14:00:00Z
WALLOC-00158,QT-MUM-0043,QL-00187,VAR-0507,WH-001,10,ALLOCATED,2026-02-28T14:00:00Z
WALLOC-00159,QT-MUM-0043,QL-00188,VAR-0450,WH-001,2,ALLOCATED,2026-02-28T14:00:00Z
WALLOC-00160,QT-MUM-0044,QL-00189,VAR-0529,WH-001,10,ALLOCATED,2026-02-28T14:00:00Z
WALLOC-00161,QT-MUM-0044,QL-00190,VAR-0238,WH-001,40,ALLOCATED,2026-02-28T14:00:00Z
WALLOC-00162,QT-MUM-0044,QL-00191,VAR-0630,WH-001,5,ALLOCATED,2026-02-28T14:00:00Z
WALLOC-00163,QT-MUM-0044,QL-00192,VAR-0174,WH-001,10,ALLOCATED,2026-02-28T14:00:00Z
WALLOC-00164,QT-MUM-0044,QL-00193,VAR-0037,WH-001,10,ALLOCATED,2026-02-28T14:00:00Z
WALLOC-00165,QT-MUM-0045,QL-00195,VAR-0601,WH-001,40,ALLOCATED,2026-02-28T14:00:00Z
WALLOC-00166,QT-MUM-0045,QL-00196,VAR-0206,WH-001,2,ALLOCATED,2026-02-28T14:00:00Z
WALLOC-00167,QT-MUM-0045,QL-00197,VAR-0531,WH-001,25,ALLOCATED,2026-02-28T14:00:00Z
WALLOC-00168,QT-MUM-0045,QL-00198,VAR-0016,WH-001,40,ALLOCATED,2026-02-28T14:00:00Z
WALLOC-00169,QT-MUM-0046,QL-00200,VAR-0284,WH-001,20,ALLOCATED,2026-02-28T14:00:00Z
WALLOC-00170,QT-MUM-0046,QL-00201,VAR-0232,WH-001,25,ALLOCATED,2026-02-28T14:00:00Z
WALLOC-00171,QT-MUM-0046,QL-00202,VAR-0621,WH-001,10,ALLOCATED,2026-02-28T14:00:00Z
WALLOC-00172,QT-MUM-0046,QL-00203,VAR-0200,WH-001,20,ALLOCATED,2026-02-28T14:00:00Z
WALLOC-00173,QT-MUM-0047,QL-00204,VAR-0573,WH-001,10,ALLOCATED,2026-02-28T14:00:00Z
WALLOC-00174,QT-MUM-0047,QL-00205,VAR-0075,WH-001,2,ALLOCATED,2026-02-28T14:00:00Z
WALLOC-00175,QT-MUM-0047,QL-00206,VAR-0516,WH-001,10,ALLOCATED,2026-02-28T14:00:00Z
WALLOC-00176,QT-MUM-0048,QL-00207,VAR-0257,WH-001,60,ALLOCATED,2026-02-28T14:00:00Z
WALLOC-00177,QT-MUM-0048,QL-00208,VAR-0454,WH-001,60,ALLOCATED,2026-02-28T14:00:00Z
WALLOC-00178,QT-MUM-0048,QL-00209,VAR-0387,WH-001,60,ALLOCATED,2026-02-28T14:00:00Z
WALLOC-00179,QT-MUM-0048,QL-00210,VAR-0577,WH-001,40,ALLOCATED,2026-02-28T14:00:00Z
WALLOC-00180,QT-MUM-0048,QL-00211,VAR-0496,WH-001,25,ALLOCATED,2026-02-28T14:00:00Z
WALLOC-00181,QT-MUM-0049,QL-00214,VAR-0392,WH-001,40,ALLOCATED,2026-02-28T14:00:00Z
WALLOC-00182,QT-MUM-0049,QL-00215,VAR-0649,WH-001,5,ALLOCATED,2026-02-28T14:00:00Z
WALLOC-00183,QT-MUM-0049,QL-00216,VAR-0226,WH-001,20,ALLOCATED,2026-02-28T14:00:00Z
WALLOC-00184,QT-MUM-0050,QL-00217,VAR-0549,WH-001,2,ALLOCATED,2026-02-28T14:00:00Z
WALLOC-00185,QT-MUM-0050,QL-00218,VAR-0010,WH-001,40,ALLOCATED,2026-02-28T14:00:00Z
WALLOC-00186,QT-MUM-0050,QL-00219,VAR-0270,WH-001,60,ALLOCATED,2026-02-28T14:00:00Z
WALLOC-00187,QT-MUM-0050,QL-00220,VAR-0255,WH-001,2,ALLOCATED,2026-02-28T14:00:00Z
WALLOC-00188,QT-MUM-0050,QL-00221,VAR-0295,WH-001,5,ALLOCATED,2026-02-28T14:00:00Z
WALLOC-00189,QT-MUM-0051,QL-00222,VAR-0363,WH-001,5,ALLOCATED,2026-02-28T14:00:00Z
WALLOC-00190,QT-MUM-0051,QL-00223,VAR-0224,WH-001,40,ALLOCATED,2026-02-28T14:00:00Z
WALLOC-00191,QT-MUM-0051,QL-00224,VAR-0588,WH-001,20,ALLOCATED,2026-02-28T14:00:00Z
WALLOC-00192,QT-MUM-0051,QL-00225,VAR-0276,WH-001,5,ALLOCATED,2026-02-28T14:00:00Z
WALLOC-00193,QT-MUM-0052,QL-00227,VAR-0235,WH-001,60,ALLOCATED,2026-02-28T14:00:00Z
WALLOC-00194,QT-MUM-0052,QL-00228,VAR-0208,WH-001,10,ALLOCATED,2026-02-28T14:00:00Z
WALLOC-00195,QT-MUM-0052,QL-00229,VAR-0256,WH-001,60,ALLOCATED,2026-02-28T14:00:00Z
WALLOC-00196,QT-MUM-0053,QL-00231,VAR-0505,WH-001,60,ALLOCATED,2026-02-28T14:00:00Z
WALLOC-00197,QT-MUM-0053,QL-00232,VAR-0629,WH-001,2,ALLOCATED,2026-02-28T14:00:00Z
WALLOC-00198,QT-MUM-0053,QL-00233,VAR-0007,WH-001,10,ALLOCATED,2026-02-28T14:00:00Z
WALLOC-00199,QT-MUM-0054,QL-00234,VAR-0505,WH-001,5,ALLOCATED,2026-02-28T14:00:00Z
WALLOC-00200,QT-MUM-0054,QL-00235,VAR-0589,WH-001,10,ALLOCATED,2026-02-28T14:00:00Z
WALLOC-00201,QT-MUM-0054,QL-00236,VAR-0282,WH-001,5,ALLOCATED,2026-02-28T14:00:00Z
WALLOC-00202,QT-MUM-0054,QL-00237,VAR-0503,WH-001,5,ALLOCATED,2026-02-28T14:00:00Z
WALLOC-00203,QT-MUM-0055,QL-00239,VAR-0554,WH-001,20,ALLOCATED,2026-02-28T14:00:00Z
WALLOC-00204,QT-MUM-0055,QL-00240,VAR-0034,WH-001,60,ALLOCATED,2026-02-28T14:00:00Z
WALLOC-00205,QT-MUM-0055,QL-00241,VAR-0515,WH-001,20,ALLOCATED,2026-02-28T14:00:00Z
WALLOC-00206,QT-MUM-0055,QL-00242,VAR-0356,WH-001,40,ALLOCATED,2026-02-28T14:00:00Z
WALLOC-00207,QT-MUM-0056,QL-00243,VAR-0324,WH-001,20,ALLOCATED,2026-02-28T14:00:00Z
WALLOC-00208,QT-MUM-0056,QL-00244,VAR-0009,WH-001,2,ALLOCATED,2026-02-28T14:00:00Z
WALLOC-00209,QT-MUM-0056,QL-00245,VAR-0013,WH-001,10,ALLOCATED,2026-02-28T14:00:00Z
WALLOC-00210,QT-MUM-0056,QL-00246,VAR-0216,WH-001,60,ALLOCATED,2026-02-28T14:00:00Z
WALLOC-00211,QT-MUM-0057,QL-00248,VAR-0270,WH-001,10,ALLOCATED,2026-02-28T14:00:00Z
WALLOC-00212,QT-MUM-0057,QL-00249,VAR-0243,WH-001,5,ALLOCATED,2026-02-28T14:00:00Z
WALLOC-00213,QT-MUM-0057,QL-00250,VAR-0276,WH-001,20,ALLOCATED,2026-02-28T14:00:00Z
WALLOC-00214,QT-MUM-0057,QL-00251,VAR-0483,WH-001,20,ALLOCATED,2026-02-28T14:00:00Z
WALLOC-00215,QT-MUM-0057,QL-00252,VAR-0628,WH-001,60,ALLOCATED,2026-02-28T14:00:00Z
WALLOC-00216,QT-MUM-0058,QL-00254,VAR-0462,WH-001,25,ALLOCATED,2026-02-28T14:00:00Z
WALLOC-00217,QT-MUM-0058,QL-00255,VAR-0185,WH-001,5,ALLOCATED,2026-02-28T14:00:00Z
WALLOC-00218,QT-MUM-0058,QL-00256,VAR-0586,WH-001,40,ALLOCATED,2026-02-28T14:00:00Z
WALLOC-00219,QT-MUM-0058,QL-00257,VAR-0135,WH-001,60,ALLOCATED,2026-02-28T14:00:00Z
WALLOC-00220,QT-MUM-0059,QL-00258,VAR-0443,WH-001,20,ALLOCATED,2026-02-28T14:00:00Z
WALLOC-00221,QT-MUM-0059,QL-00259,VAR-0391,WH-001,5,ALLOCATED,2026-02-28T14:00:00Z
WALLOC-00222,QT-MUM-0059,QL-00260,VAR-0201,WH-001,20,ALLOCATED,2026-02-28T14:00:00Z
WALLOC-00223,QT-MUM-0059,QL-00261,VAR-0150,WH-001,60,ALLOCATED,2026-02-28T14:00:00Z
WALLOC-00224,QT-MUM-0059,QL-00262,VAR-0154,WH-001,25,ALLOCATED,2026-02-28T14:00:00Z
WALLOC-00225,QT-MUM-0060,QL-00263,VAR-0324,WH-001,60,ALLOCATED,2026-02-28T14:00:00Z
WALLOC-00226,QT-MUM-0060,QL-00264,VAR-0499,WH-001,2,ALLOCATED,2026-02-28T14:00:00Z
WALLOC-00227,QT-MUM-0060,QL-00265,VAR-0308,WH-001,2,ALLOCATED,2026-02-28T14:00:00Z
WALLOC-00228,QT-MUM-0060,QL-00266,VAR-0257,WH-001,5,ALLOCATED,2026-02-28T14:00:00Z
WALLOC-00229,QT-MUM-0060,QL-00267,VAR-0576,WH-001,5,ALLOCATED,2026-02-28T14:00:00Z
WALLOC-00230,QT-MUM-0061,QL-00270,VAR-0343,WH-001,25,ALLOCATED,2026-02-28T14:00:00Z
WALLOC-00231,QT-MUM-0061,QL-00271,VAR-0267,WH-001,60,ALLOCATED,2026-02-28T14:00:00Z
WALLOC-00232,QT-MUM-0061,QL-00272,VAR-0370,WH-001,10,ALLOCATED,2026-02-28T14:00:00Z
WALLOC-00233,QT-MUM-0061,QL-00273,VAR-0369,WH-001,20,ALLOCATED,2026-02-28T14:00:00Z
WALLOC-00234,QT-MUM-0062,QL-00274,VAR-0621,WH-001,40,ALLOCATED,2026-02-28T14:00:00Z
WALLOC-00235,QT-MUM-0062,QL-00275,VAR-0204,WH-001,25,ALLOCATED,2026-02-28T14:00:00Z
WALLOC-00236,QT-MUM-0062,QL-00276,VAR-0591,WH-001,60,ALLOCATED,2026-02-28T14:00:00Z
WALLOC-00237,QT-MUM-0062,QL-00277,VAR-0590,WH-001,10,ALLOCATED,2026-02-28T14:00:00Z
WALLOC-00238,QT-MUM-0063,QL-00278,VAR-0523,WH-001,25,ALLOCATED,2026-02-28T14:00:00Z
WALLOC-00239,QT-MUM-0063,QL-00279,VAR-0500,WH-001,20,ALLOCATED,2026-02-28T14:00:00Z
WALLOC-00240,QT-MUM-0063,QL-00280,VAR-0458,WH-001,5,ALLOCATED,2026-02-28T14:00:00Z
WALLOC-00241,QT-MUM-0063,QL-00281,VAR-0081,WH-001,40,ALLOCATED,2026-02-28T14:00:00Z
WALLOC-00242,QT-MUM-0063,QL-00282,VAR-0391,WH-001,20,ALLOCATED,2026-02-28T14:00:00Z
WALLOC-00243,QT-MUM-0064,QL-00284,VAR-0074,WH-001,5,ALLOCATED,2026-02-28T14:00:00Z
WALLOC-00244,QT-MUM-0064,QL-00285,VAR-0082,WH-001,10,ALLOCATED,2026-02-28T14:00:00Z
WALLOC-00245,QT-MUM-0064,QL-00286,VAR-0166,WH-001,10,ALLOCATED,2026-02-28T14:00:00Z
WALLOC-00246,QT-MUM-0064,QL-00287,VAR-0352,WH-001,10,ALLOCATED,2026-02-28T14:00:00Z
WALLOC-00247,QT-MUM-0065,QL-00289,VAR-0278,WH-001,25,ALLOCATED,2026-02-28T14:00:00Z
WALLOC-00248,QT-MUM-0065,QL-00290,VAR-0456,WH-001,20,ALLOCATED,2026-02-28T14:00:00Z
WALLOC-00249,QT-MUM-0065,QL-00291,VAR-0372,WH-001,5,ALLOCATED,2026-02-28T14:00:00Z
WALLOC-00250,QT-MUM-0065,QL-00292,VAR-0602,WH-001,5,ALLOCATED,2026-02-28T14:00:00Z
WALLOC-00251,QT-MUM-0066,QL-00293,VAR-0258,WH-001,5,ALLOCATED,2026-02-28T14:00:00Z
WALLOC-00252,QT-MUM-0066,QL-00294,VAR-0082,WH-001,2,ALLOCATED,2026-02-28T14:00:00Z
WALLOC-00253,QT-MUM-0066,QL-00295,VAR-0216,WH-001,2,ALLOCATED,2026-02-28T14:00:00Z
WALLOC-00254,QT-MUM-0067,QL-00297,VAR-0407,WH-001,2,ALLOCATED,2026-02-28T14:00:00Z
WALLOC-00255,QT-MUM-0067,QL-00298,VAR-0537,WH-001,25,ALLOCATED,2026-02-28T14:00:00Z
WALLOC-00256,QT-MUM-0067,QL-00299,VAR-0086,WH-001,2,ALLOCATED,2026-02-28T14:00:00Z
WALLOC-00257,QT-MUM-0068,QL-00300,VAR-0317,WH-001,20,ALLOCATED,2026-02-28T14:00:00Z
WALLOC-00258,QT-MUM-0068,QL-00301,VAR-0235,WH-001,5,ALLOCATED,2026-02-28T14:00:00Z
WALLOC-00259,QT-MUM-0068,QL-00302,VAR-0254,WH-001,25,ALLOCATED,2026-02-28T14:00:00Z
WALLOC-00260,QT-MUM-0068,QL-00303,VAR-0291,WH-001,2,ALLOCATED,2026-02-28T14:00:00Z
WALLOC-00261,QT-MUM-0069,QL-00305,VAR-0334,WH-001,10,ALLOCATED,2026-02-28T14:00:00Z
WALLOC-00262,QT-MUM-0069,QL-00306,VAR-0488,WH-001,20,ALLOCATED,2026-02-28T14:00:00Z
WALLOC-00263,QT-MUM-0069,QL-00307,VAR-0479,WH-001,40,ALLOCATED,2026-02-28T14:00:00Z
WALLOC-00264,QT-MUM-0069,QL-00308,VAR-0554,WH-001,5,ALLOCATED,2026-02-28T14:00:00Z
WALLOC-00265,QT-MUM-0070,QL-00310,VAR-0652,WH-001,10,ALLOCATED,2026-02-28T14:00:00Z
WALLOC-00266,QT-MUM-0070,QL-00311,VAR-0578,WH-001,20,ALLOCATED,2026-02-28T14:00:00Z
WALLOC-00267,QT-MUM-0070,QL-00312,VAR-0446,WH-001,5,ALLOCATED,2026-02-28T14:00:00Z
WALLOC-00268,QT-MUM-0070,QL-00313,VAR-0537,WH-001,20,ALLOCATED,2026-02-28T14:00:00Z
WALLOC-00269,QT-MUM-0070,QL-00314,VAR-0547,WH-001,10,ALLOCATED,2026-02-28T14:00:00Z
WALLOC-00270,QT-MUM-0071,QL-00315,VAR-0160,WH-001,25,ALLOCATED,2026-02-28T14:00:00Z
WALLOC-00271,QT-MUM-0071,QL-00316,VAR-0311,WH-001,10,ALLOCATED,2026-02-28T14:00:00Z
WALLOC-00272,QT-MUM-0071,QL-00317,VAR-0011,WH-001,20,ALLOCATED,2026-02-28T14:00:00Z
WALLOC-00273,QT-MUM-0071,QL-00318,VAR-0001,WH-001,2,ALLOCATED,2026-02-28T14:00:00Z
WALLOC-00274,QT-MUM-0072,QL-00319,VAR-0489,WH-001,60,ALLOCATED,2026-02-28T14:00:00Z
WALLOC-00275,QT-MUM-0072,QL-00320,VAR-0307,WH-001,25,ALLOCATED,2026-02-28T14:00:00Z
WALLOC-00276,QT-MUM-0072,QL-00321,VAR-0010,WH-001,60,ALLOCATED,2026-02-28T14:00:00Z
WALLOC-00277,QT-MUM-0072,QL-00322,VAR-0441,WH-001,25,ALLOCATED,2026-02-28T14:00:00Z
WALLOC-00278,QT-MUM-0073,QL-00325,VAR-0405,WH-001,60,ALLOCATED,2026-02-28T14:00:00Z
WALLOC-00279,QT-MUM-0073,QL-00326,VAR-0256,WH-001,5,ALLOCATED,2026-02-28T14:00:00Z
WALLOC-00280,QT-MUM-0073,QL-00327,VAR-0168,WH-001,2,ALLOCATED,2026-02-28T14:00:00Z
WALLOC-00281,QT-MUM-0073,QL-00328,VAR-0400,WH-001,40,ALLOCATED,2026-02-28T14:00:00Z
WALLOC-00282,QT-MUM-0074,QL-00329,VAR-0628,WH-001,20,ALLOCATED,2026-02-28T14:00:00Z
WALLOC-00283,QT-MUM-0074,QL-00330,VAR-0279,WH-001,60,ALLOCATED,2026-02-28T14:00:00Z
WALLOC-00284,QT-MUM-0074,QL-00331,VAR-0292,WH-001,5,ALLOCATED,2026-02-28T14:00:00Z
WALLOC-00285,QT-MUM-0074,QL-00332,VAR-0545,WH-001,10,ALLOCATED,2026-02-28T14:00:00Z
WALLOC-00286,QT-MUM-0074,QL-00333,VAR-0276,WH-001,40,ALLOCATED,2026-02-28T14:00:00Z
WALLOC-00287,QT-MUM-0075,QL-00334,VAR-0464,WH-001,10,ALLOCATED,2026-02-28T14:00:00Z
WALLOC-00288,QT-MUM-0075,QL-00335,VAR-0279,WH-001,5,ALLOCATED,2026-02-28T14:00:00Z
WALLOC-00289,QT-MUM-0075,QL-00336,VAR-0638,WH-001,25,ALLOCATED,2026-02-28T14:00:00Z
WALLOC-00290,QT-MUM-0075,QL-00337,VAR-0504,WH-001,5,ALLOCATED,2026-02-28T14:00:00Z
WALLOC-00291,QT-MUM-0075,QL-00338,VAR-0193,WH-001,10,ALLOCATED,2026-02-28T14:00:00Z
WALLOC-00292,QT-MUM-0076,QL-00340,VAR-0009,WH-001,2,ALLOCATED,2026-02-28T14:00:00Z
WALLOC-00293,QT-MUM-0076,QL-00341,VAR-0239,WH-001,5,ALLOCATED,2026-02-28T14:00:00Z
WALLOC-00294,QT-MUM-0076,QL-00342,VAR-0093,WH-001,20,ALLOCATED,2026-02-28T14:00:00Z
WALLOC-00295,QT-MUM-0076,QL-00343,VAR-0155,WH-001,60,ALLOCATED,2026-02-28T14:00:00Z
WALLOC-00296,QT-MUM-0077,QL-00345,VAR-0033,WH-001,2,ALLOCATED,2026-02-28T14:00:00Z
WALLOC-00297,QT-MUM-0077,QL-00346,VAR-0339,WH-001,60,ALLOCATED,2026-02-28T14:00:00Z
WALLOC-00298,QT-MUM-0077,QL-00347,VAR-0083,WH-001,2,ALLOCATED,2026-02-28T14:00:00Z
WALLOC-00299,QT-MUM-0077,QL-00348,VAR-0150,WH-001,20,ALLOCATED,2026-02-28T14:00:00Z
WALLOC-00300,QT-MUM-0078,QL-00349,VAR-0257,WH-001,2,ALLOCATED,2026-02-28T14:00:00Z
WALLOC-00301,QT-MUM-0078,QL-00350,VAR-0391,WH-001,5,ALLOCATED,2026-02-28T14:00:00Z
WALLOC-00302,QT-MUM-0078,QL-00351,VAR-0013,WH-001,60,ALLOCATED,2026-02-28T14:00:00Z
WALLOC-00303,QT-MUM-0079,QL-00353,VAR-0204,WH-001,25,ALLOCATED,2026-02-28T14:00:00Z
WALLOC-00304,QT-MUM-0079,QL-00354,VAR-0472,WH-001,5,ALLOCATED,2026-02-28T14:00:00Z
WALLOC-00305,QT-MUM-0079,QL-00355,VAR-0097,WH-001,20,ALLOCATED,2026-02-28T14:00:00Z
WALLOC-00306,QT-MUM-0080,QL-00356,VAR-0331,WH-001,40,ALLOCATED,2026-02-28T14:00:00Z
WALLOC-00307,QT-MUM-0080,QL-00357,VAR-0163,WH-001,25,ALLOCATED,2026-02-28T14:00:00Z
WALLOC-00308,QT-MUM-0080,QL-00358,VAR-0645,WH-001,10,ALLOCATED,2026-02-28T14:00:00Z
WALLOC-00309,QT-MUM-0080,QL-00359,VAR-0044,WH-001,40,ALLOCATED,2026-02-28T14:00:00Z
WALLOC-00310,QT-MUM-0081,QL-00361,VAR-0054,WH-001,40,ALLOCATED,2026-02-28T14:00:00Z
WALLOC-00311,QT-MUM-0081,QL-00362,VAR-0224,WH-001,10,ALLOCATED,2026-02-28T14:00:00Z
WALLOC-00312,QT-MUM-0081,QL-00363,VAR-0116,WH-001,5,ALLOCATED,2026-02-28T14:00:00Z
WALLOC-00313,QT-MUM-0081,QL-00364,VAR-0242,WH-001,25,ALLOCATED,2026-02-28T14:00:00Z
WALLOC-00314,QT-MUM-0082,QL-00366,VAR-0044,WH-001,40,ALLOCATED,2026-02-28T14:00:00Z
WALLOC-00315,QT-MUM-0082,QL-00367,VAR-0596,WH-001,5,ALLOCATED,2026-02-28T14:00:00Z
WALLOC-00316,QT-MUM-0082,QL-00368,VAR-0487,WH-001,60,ALLOCATED,2026-02-28T14:00:00Z
WALLOC-00317,QT-MUM-0083,QL-00369,VAR-0162,WH-001,40,ALLOCATED,2026-02-28T14:00:00Z
WALLOC-00318,QT-MUM-0083,QL-00370,VAR-0512,WH-001,10,ALLOCATED,2026-02-28T14:00:00Z
WALLOC-00319,QT-MUM-0083,QL-00371,VAR-0094,WH-001,2,ALLOCATED,2026-02-28T14:00:00Z
WALLOC-00320,QT-MUM-0084,QL-00372,VAR-0158,WH-001,20,ALLOCATED,2026-02-28T14:00:00Z
WALLOC-00321,QT-MUM-0084,QL-00373,VAR-0550,WH-001,10,ALLOCATED,2026-02-28T14:00:00Z
WALLOC-00322,QT-MUM-0084,QL-00374,VAR-0110,WH-001,60,ALLOCATED,2026-02-28T14:00:00Z
WALLOC-00323,QT-MUM-0084,QL-00375,VAR-0129,WH-001,60,ALLOCATED,2026-02-28T14:00:00Z
WALLOC-00324,QT-MUM-0085,QL-00378,VAR-0387,WH-001,10,ALLOCATED,2026-02-28T14:00:00Z
WALLOC-00325,QT-MUM-0085,QL-00379,VAR-0367,WH-001,20,ALLOCATED,2026-02-28T14:00:00Z
WALLOC-00326,QT-MUM-0085,QL-00380,VAR-0138,WH-001,20,ALLOCATED,2026-02-28T14:00:00Z
WALLOC-00327,QT-MUM-0086,QL-00381,VAR-0556,WH-001,5,ALLOCATED,2026-02-28T14:00:00Z
WALLOC-00328,QT-MUM-0086,QL-00382,VAR-0502,WH-001,10,ALLOCATED,2026-02-28T14:00:00Z
WALLOC-00329,QT-MUM-0086,QL-00383,VAR-0195,WH-001,40,ALLOCATED,2026-02-28T14:00:00Z
WALLOC-00330,QT-MUM-0086,QL-00384,VAR-0581,WH-001,10,ALLOCATED,2026-02-28T14:00:00Z
WALLOC-00331,QT-MUM-0087,QL-00385,VAR-0165,WH-001,10,ALLOCATED,2026-02-28T14:00:00Z
WALLOC-00332,QT-MUM-0087,QL-00386,VAR-0071,WH-001,25,ALLOCATED,2026-02-28T14:00:00Z
WALLOC-00333,QT-MUM-0087,QL-00387,VAR-0544,WH-001,20,ALLOCATED,2026-02-28T14:00:00Z
WALLOC-00334,QT-MUM-0087,QL-00388,VAR-0159,WH-001,60,ALLOCATED,2026-02-28T14:00:00Z
WALLOC-00335,QT-MUM-0087,QL-00389,VAR-0461,WH-001,25,ALLOCATED,2026-02-28T14:00:00Z
WALLOC-00336,QT-MUM-0088,QL-00391,VAR-0373,WH-001,40,ALLOCATED,2026-02-28T14:00:00Z
WALLOC-00337,QT-MUM-0088,QL-00392,VAR-0636,WH-001,60,ALLOCATED,2026-02-28T14:00:00Z
WALLOC-00338,QT-MUM-0088,QL-00393,VAR-0245,WH-001,5,ALLOCATED,2026-02-28T14:00:00Z
WALLOC-00339,QT-MUM-0088,QL-00394,VAR-0329,WH-001,40,ALLOCATED,2026-02-28T14:00:00Z
WALLOC-00340,QT-MUM-0088,QL-00395,VAR-0065,WH-001,60,ALLOCATED,2026-02-28T14:00:00Z
WALLOC-00341,QT-MUM-0089,QL-00397,VAR-0290,WH-001,2,ALLOCATED,2026-02-28T14:00:00Z
WALLOC-00342,QT-MUM-0089,QL-00398,VAR-0331,WH-001,40,ALLOCATED,2026-02-28T14:00:00Z
WALLOC-00343,QT-MUM-0089,QL-00399,VAR-0420,WH-001,2,ALLOCATED,2026-02-28T14:00:00Z
WALLOC-00344,QT-MUM-0089,QL-00400,VAR-0330,WH-001,5,ALLOCATED,2026-02-28T14:00:00Z
WALLOC-00345,QT-MUM-0089,QL-00401,VAR-0114,WH-001,5,ALLOCATED,2026-02-28T14:00:00Z
WALLOC-00346,QT-MUM-0090,QL-00402,VAR-0197,WH-001,40,ALLOCATED,2026-02-28T14:00:00Z
WALLOC-00347,QT-MUM-0090,QL-00403,VAR-0102,WH-001,40,ALLOCATED,2026-02-28T14:00:00Z
WALLOC-00348,QT-MUM-0090,QL-00404,VAR-0033,WH-001,25,ALLOCATED,2026-02-28T14:00:00Z
WALLOC-00349,QT-MUM-0090,QL-00405,VAR-0585,WH-001,40,ALLOCATED,2026-02-28T14:00:00Z
WALLOC-00350,QT-MUM-0091,QL-00407,VAR-0227,WH-001,5,ALLOCATED,2026-02-28T14:00:00Z
WALLOC-00351,QT-MUM-0091,QL-00408,VAR-0621,WH-001,20,ALLOCATED,2026-02-28T14:00:00Z
WALLOC-00352,QT-MUM-0091,QL-00409,VAR-0073,WH-001,20,ALLOCATED,2026-02-28T14:00:00Z
WALLOC-00353,QT-MUM-0091,QL-00410,VAR-0014,WH-001,2,ALLOCATED,2026-02-28T14:00:00Z
WALLOC-00354,QT-MUM-0092,QL-00411,VAR-0426,WH-001,25,ALLOCATED,2026-02-28T14:00:00Z
WALLOC-00355,QT-MUM-0092,QL-00412,VAR-0378,WH-001,40,ALLOCATED,2026-02-28T14:00:00Z
WALLOC-00356,QT-MUM-0092,QL-00413,VAR-0060,WH-001,60,ALLOCATED,2026-02-28T14:00:00Z
WALLOC-00357,QT-MUM-0092,QL-00414,VAR-0632,WH-001,2,ALLOCATED,2026-02-28T14:00:00Z
WALLOC-00358,QT-MUM-0092,QL-00415,VAR-0273,WH-001,25,ALLOCATED,2026-02-28T14:00:00Z
WALLOC-00359,QT-MUM-0093,QL-00417,VAR-0237,WH-001,25,ALLOCATED,2026-02-28T14:00:00Z
WALLOC-00360,QT-MUM-0093,QL-00418,VAR-0545,WH-001,5,ALLOCATED,2026-02-28T14:00:00Z
WALLOC-00361,QT-MUM-0093,QL-00419,VAR-0395,WH-001,40,ALLOCATED,2026-02-28T14:00:00Z
WALLOC-00362,QT-MUM-0093,QL-00420,VAR-0195,WH-001,25,ALLOCATED,2026-02-28T14:00:00Z
WALLOC-00363,QT-MUM-0093,QL-00421,VAR-0198,WH-001,25,ALLOCATED,2026-02-28T14:00:00Z
WALLOC-00364,QT-MUM-0094,QL-00423,VAR-0367,WH-001,60,ALLOCATED,2026-02-28T14:00:00Z
WALLOC-00365,QT-MUM-0094,QL-00424,VAR-0470,WH-001,25,ALLOCATED,2026-02-28T14:00:00Z
WALLOC-00366,QT-MUM-0094,QL-00425,VAR-0438,WH-001,25,ALLOCATED,2026-02-28T14:00:00Z
WALLOC-00367,QT-MUM-0094,QL-00426,VAR-0107,WH-001,40,ALLOCATED,2026-02-28T14:00:00Z
WALLOC-00368,QT-MUM-0094,QL-00427,VAR-0171,WH-001,25,ALLOCATED,2026-02-28T14:00:00Z
WALLOC-00369,QT-MUM-0095,QL-00428,VAR-0361,WH-001,60,ALLOCATED,2026-02-28T14:00:00Z
WALLOC-00370,QT-MUM-0095,QL-00429,VAR-0323,WH-001,20,ALLOCATED,2026-02-28T14:00:00Z
WALLOC-00371,QT-MUM-0095,QL-00430,VAR-0564,WH-001,20,ALLOCATED,2026-02-28T14:00:00Z
WALLOC-00372,QT-MUM-0095,QL-00431,VAR-0333,WH-001,10,ALLOCATED,2026-02-28T14:00:00Z
WALLOC-00373,QT-MUM-0096,QL-00432,VAR-0577,WH-001,20,ALLOCATED,2026-02-28T14:00:00Z
WALLOC-00374,QT-MUM-0096,QL-00433,VAR-0559,WH-001,40,ALLOCATED,2026-02-28T14:00:00Z
WALLOC-00375,QT-MUM-0096,QL-00434,VAR-0220,WH-001,10,ALLOCATED,2026-02-28T14:00:00Z
WALLOC-00376,QT-MUM-0097,QL-00437,VAR-0036,WH-001,5,ALLOCATED,2026-02-28T14:00:00Z
WALLOC-00377,QT-MUM-0097,QL-00438,VAR-0292,WH-001,2,ALLOCATED,2026-02-28T14:00:00Z
WALLOC-00378,QT-MUM-0097,QL-00439,VAR-0611,WH-001,5,ALLOCATED,2026-02-28T14:00:00Z
WALLOC-00379,QT-MUM-0097,QL-00440,VAR-0017,WH-001,60,ALLOCATED,2026-02-28T14:00:00Z
WALLOC-00380,QT-MUM-0097,QL-00441,VAR-0531,WH-001,2,ALLOCATED,2026-02-28T14:00:00Z
WALLOC-00381,QT-MUM-0098,QL-00442,VAR-0567,WH-001,25,ALLOCATED,2026-02-28T14:00:00Z
WALLOC-00382,QT-MUM-0098,QL-00443,VAR-0524,WH-001,2,ALLOCATED,2026-02-28T14:00:00Z
WALLOC-00383,QT-MUM-0098,QL-00444,VAR-0570,WH-001,20,ALLOCATED,2026-02-28T14:00:00Z
WALLOC-00384,QT-MUM-0098,QL-00445,VAR-0585,WH-001,5,ALLOCATED,2026-02-28T14:00:00Z
WALLOC-00385,QT-MUM-0099,QL-00446,VAR-0376,WH-001,10,ALLOCATED,2026-02-28T14:00:00Z
WALLOC-00386,QT-MUM-0099,QL-00447,VAR-0597,WH-001,2,ALLOCATED,2026-02-28T14:00:00Z
WALLOC-00387,QT-MUM-0099,QL-00448,VAR-0256,WH-001,20,ALLOCATED,2026-02-28T14:00:00Z
WALLOC-00388,QT-MUM-0099,QL-00449,VAR-0239,WH-001,5,ALLOCATED,2026-02-28T14:00:00Z
WALLOC-00389,QT-MUM-0100,QL-00451,VAR-0495,WH-001,60,ALLOCATED,2026-02-28T14:00:00Z
WALLOC-00390,QT-MUM-0100,QL-00452,VAR-0178,WH-001,25,ALLOCATED,2026-02-28T14:00:00Z
WALLOC-00391,QT-MUM-0100,QL-00453,VAR-0500,WH-001,10,ALLOCATED,2026-02-28T14:00:00Z
WALLOC-00392,QT-MUM-0100,QL-00454,VAR-0591,WH-001,40,ALLOCATED,2026-02-28T14:00:00Z
