product_id,product_code,product_name,brand,category_id,subcategory_id,product_type,description,manufacturer_part_number,unit,base_cost,base_price,tax_rate,warranty_months,status,is_serialized,is_recurring,created_at,updated_at
PROD-0001,LAP-DEL-LAT5440,Dell Latitude 5440 14-inch Business Laptop,Dell Technologies,CAT-COMP,CAT-LAP,HARDWARE,"Mainstream enterprise business laptop built with recycled materials, Intel 13th Gen, Wi-Fi 6E",DEL-LAT-5440-BASE,EACH,62000.00,74500.00,18.0,36,ACTIVE,true,false,2026-01-10T08:00:00Z,2026-03-01T10:00:00Z
PROD-0002,LAP-DEL-LAT7440,Dell Latitude 7440 Ultralight 14-inch Executive Laptop,Dell Technologies,CAT-COMP,CAT-LAP,HARDWARE,Executive magnesium chassis ultralight notebook with 16:10 display and enterprise security,DEL-LAT-7440-BASE,EACH,88000.00,105000.00,18.0,36,ACTIVE,true,false,2026-01-10T08:00:00Z,2026-03-01T10:00:00Z
PROD-0003,LAP-DEL-LAT3540,Dell Latitude 3540 15.6-inch Commercial Notebook,Dell Technologies,CAT-COMP,CAT-LAP,HARDWARE,Cost-effective productivity laptop with numeric keypad for accounts and operations,DEL-LAT-3540-BASE,EACH,44000.00,52000.00,18.0,12,ACTIVE,true,false,2026-01-10T08:00:00Z,2026-03-01T10:00:00Z
PROD-0004,LAP-DEL-PR3581,Dell Precision 3581 15.6-inch Mobile Workstation,Dell Technologies,CAT-COMP,CAT-LAP,HARDWARE,Entry-level mobile workstation with NVIDIA RTX professional graphics and H-series processor,DEL-PREC-3581-BASE,EACH,112000.00,134000.00,18.0,36,ACTIVE,true,false,2026-01-10T08:00:00Z,2026-03-01T10:00:00Z
PROD-0005,LAP-DEL-PR5680,Dell Precision 5680 16-inch Premium Mobile Workstation,Dell Technologies,CAT-COMP,CAT-LAP,HARDWARE,Ultra-premium 16-inch creator workstation with 4K OLED touch and NVIDIA RTX 3500 Ada,DEL-PREC-5680-BASE,EACH,215000.00,258000.00,18.0,36,ACTIVE,true,false,2026-01-10T08:00:00Z,2026-03-01T10:00:00Z
PROD-0006,LAP-LEN-TPT14G4,Lenovo ThinkPad T14 Gen 4 14-inch Enterprise Laptop,Lenovo Group Ltd,CAT-COMP,CAT-LAP,HARDWARE,The enterprise standard workhorse laptop with legendary reliability and MIL-SPEC testing,21HD000VIN,EACH,65000.00,78000.00,18.0,36,ACTIVE,true,false,2026-01-10T08:00:00Z,2026-03-01T10:00:00Z
PROD-0007,LAP-LEN-TPT16G2,Lenovo ThinkPad T16 Gen 2 16-inch Enterprise Laptop,Lenovo Group Ltd,CAT-COMP,CAT-LAP,HARDWARE,Large-format enterprise business laptop with dedicated numpad and high-capacity battery,21HH0025IN,EACH,72000.00,86000.00,18.0,36,ACTIVE,true,false,2026-01-10T08:00:00Z,2026-03-01T10:00:00Z
PROD-0008,LAP-LEN-X1CG11,Lenovo ThinkPad X1 Carbon Gen 11 Flagship Ultrabook,Lenovo Group Ltd,CAT-COMP,CAT-LAP,HARDWARE,Carbon-fiber reinforced flagship business laptop weighing just 1.12kg with Dolby Voice,21HM001MIN,EACH,128000.00,154000.00,18.0,36,ACTIVE,true,false,2026-01-10T08:00:00Z,2026-03-01T10:00:00Z
PROD-0009,LAP-LEN-P16VG1,Lenovo ThinkPad P16v Gen 1 16-inch Workstation,Lenovo Group Ltd,CAT-COMP,CAT-LAP,HARDWARE,Cost-effective performance mobile workstation engineered for CAD and data analytics,21FC001AIN,EACH,118000.00,142000.00,18.0,36,ACTIVE,true,false,2026-01-10T08:00:00Z,2026-03-01T10:00:00Z
PROD-0010,LAP-LEN-E14G5,Lenovo ThinkPad E14 Gen 5 14-inch Commercial Laptop,Lenovo Group Ltd,CAT-COMP,CAT-LAP,HARDWARE,Essential business laptop designed for SMBs and cost-conscious commercial fleets,21JK003VIN,EACH,46000.00,54500.00,18.0,12,ACTIVE,true,false,2026-01-10T08:00:00Z,2026-03-01T10:00:00Z
PROD-0011,LAP-HP-EB840G10,HP EliteBook 840 G10 14-inch Enterprise Notebook,HP Inc.,CAT-COMP,CAT-LAP,HARDWARE,Corporate standard security-focused notebook with HP Wolf Security and 5MP IR camera,8A3X5PA,EACH,67000.00,81000.00,18.0,36,ACTIVE,true,false,2026-01-10T08:00:00Z,2026-03-01T10:00:00Z
PROD-0012,LAP-HP-EB650G10,HP EliteBook 650 G10 15.6-inch Commercial Notebook,HP Inc.,CAT-COMP,CAT-LAP,HARDWARE,Full-featured 15.6-inch business laptop with robust ports and numeric keyboard,8A4K2PA,EACH,56000.00,67000.00,18.0,36,ACTIVE,true,false,2026-01-10T08:00:00Z,2026-03-01T10:00:00Z
PROD-0013,LAP-HP-PB440G10,HP ProBook 440 G10 14-inch Business Laptop,HP Inc.,CAT-COMP,CAT-LAP,HARDWARE,Reliable mainstream commercial laptop with aluminum chassis and enterprise durability,8A2Y9PA,EACH,48000.00,57500.00,18.0,12,ACTIVE,true,false,2026-01-10T08:00:00Z,2026-03-01T10:00:00Z
PROD-0014,LAP-HP-ZBF14G10,HP ZBook Firefly 14 G10 Mobile Workstation,HP Inc.,CAT-COMP,CAT-LAP,HARDWARE,"Ultralight mobile workstation for CAD, technical sketching and data science",8B1D4PA,EACH,98000.00,118000.00,18.0,36,ACTIVE,true,false,2026-01-10T08:00:00Z,2026-03-01T10:00:00Z
PROD-0015,LAP-HP-ZBP15G10,HP ZBook Power 15.6 G10 Mobile Workstation,HP Inc.,CAT-COMP,CAT-LAP,HARDWARE,High-power 15.6-inch workstation certified for professional 3D and rendering software,8B2F8PA,EACH,132000.00,159000.00,18.0,36,ACTIVE,true,false,2026-01-10T08:00:00Z,2026-03-01T10:00:00Z
PROD-0016,LAP-APP-MBP14M3P,Apple MacBook Pro 14-inch M3 Pro Enterprise Edition,Apple Inc.,CAT-COMP,CAT-LAP,HARDWARE,Apple Silicon enterprise flagship with Liquid Retina XDR display and exceptional battery life,MRX33HN/A,EACH,168000.00,199900.00,18.0,12,ACTIVE,true,false,2026-01-10T08:00:00Z,2026-03-01T10:00:00Z
PROD-0017,LAP-APP-MBP16M3M,Apple MacBook Pro 16-inch M3 Max Enterprise Edition,Apple Inc.,CAT-COMP,CAT-LAP,HARDWARE,"Ultimate performance Apple workstation for software compilation, video production and AI",MUW63HN/A,EACH,285000.00,349900.00,18.0,12,ACTIVE,true,false,2026-01-10T08:00:00Z,2026-03-01T10:00:00Z
PROD-0018,LAP-APP-MBA13M2,Apple MacBook Air 13-inch M2 Corporate Fleet Edition,Apple Inc.,CAT-COMP,CAT-LAP,HARDWARE,Ultra-thin fanless corporate laptop with all-day battery life and MagSafe 3 charging,MLY33HN/A,EACH,84000.00,99900.00,18.0,12,ACTIVE,true,false,2026-01-10T08:00:00Z,2026-03-01T10:00:00Z
PROD-0019,DSK-DEL-OPT7010SFF,Dell OptiPlex 7010 Small Form Factor Desktop,Dell Technologies,CAT-COMP,CAT-DSK,HARDWARE,Compact commercial desktop designed for corporate environments with Intel vPro,DEL-OPT-7010-SFF,EACH,48000.00,58000.00,18.0,36,ACTIVE,true,false,2026-01-10T08:00:00Z,2026-03-01T10:00:00Z
PROD-0020,DSK-DEL-OPT7010MCR,Dell OptiPlex 7010 Micro Form Factor Desktop,Dell Technologies,CAT-COMP,CAT-DSK,HARDWARE,Ultra-compact 1-liter commercial PC mountable behind monitors or under desks,DEL-OPT-7010-MCR,EACH,45000.00,54000.00,18.0,36,ACTIVE,true,false,2026-01-10T08:00:00Z,2026-03-01T10:00:00Z
PROD-0021,DSK-DEL-OPT7010TWR,Dell OptiPlex 7010 Tower Business Desktop,Dell Technologies,CAT-COMP,CAT-DSK,HARDWARE,Expandable commercial tower desktop with PCI expansion slots and multi-drive bays,DEL-OPT-7010-TWR,EACH,52000.00,63000.00,18.0,36,ACTIVE,true,false,2026-01-10T08:00:00Z,2026-03-01T10:00:00Z
PROD-0022,DSK-DEL-OPT7410AIO,Dell OptiPlex 7410 23.8-inch Commercial All-in-One,Dell Technologies,CAT-COMP,CAT-DSK,HARDWARE,Integrated all-in-one desktop featuring pop-up 5MP webcam and height-adjustable stand,DEL-OPT-7410-AIO,EACH,68000.00,82000.00,18.0,36,ACTIVE,true,false,2026-01-10T08:00:00Z,2026-03-01T10:00:00Z
PROD-0023,DSK-HP-PRO400TWR,HP Pro Tower 400 G9 Commercial Desktop,HP Inc.,CAT-COMP,CAT-DSK,HARDWARE,Expandable tower PC engineered for corporate daily business applications,6A7L8PA,EACH,46000.00,55000.00,18.0,36,ACTIVE,true,false,2026-01-10T08:00:00Z,2026-03-01T10:00:00Z
PROD-0024,DSK-HP-PRO400SFF,HP Pro SFF 400 G9 Business Desktop,HP Inc.,CAT-COMP,CAT-DSK,HARDWARE,Space-saving desktop with enterprise reliability and security management,6A7M1PA,EACH,44000.00,53000.00,18.0,36,ACTIVE,true,false,2026-01-10T08:00:00Z,2026-03-01T10:00:00Z
PROD-0025,DSK-HP-ELM800G9,HP Elite Mini 800 G9 Ultra-Compact Desktop,HP Inc.,CAT-COMP,CAT-DSK,HARDWARE,"Enterprise mini PC with full desktop power, dual flex ports, and HP Sure Start",6B8W2PA,EACH,58000.00,70000.00,18.0,36,ACTIVE,true,false,2026-01-10T08:00:00Z,2026-03-01T10:00:00Z
PROD-0026,DSK-HP-ELO800AIO,HP EliteOne 800 G9 23.8-inch Enterprise All-in-One,HP Inc.,CAT-COMP,CAT-DSK,HARDWARE,Executive conference-ready All-in-One with Bang & Olufsen sound and 5MP auto-framing camera,6C3R4PA,EACH,74000.00,89000.00,18.0,36,ACTIVE,true,false,2026-01-10T08:00:00Z,2026-03-01T10:00:00Z
PROD-0027,DSK-LEN-M70SG4,Lenovo ThinkCentre M70s Gen 4 Small Form Factor,Lenovo Group Ltd,CAT-COMP,CAT-DSK,HARDWARE,Workhorse corporate desktop with toolless chassis design and ThinkShield security,11T7003PIN,EACH,47000.00,56500.00,18.0,36,ACTIVE,true,false,2026-01-10T08:00:00Z,2026-03-01T10:00:00Z
PROD-0028,DSK-LEN-M70QG4,Lenovo ThinkCentre M70q Gen 4 Tiny Desktop,Lenovo Group Ltd,CAT-COMP,CAT-DSK,HARDWARE,"1L compact enterprise desktop deployable in kiosks, trading desks, or healthcare carts",11T3002PIN,EACH,44000.00,53000.00,18.0,36,ACTIVE,true,false,2026-01-10T08:00:00Z,2026-03-01T10:00:00Z
PROD-0029,DSK-LEN-M90TG4,Lenovo ThinkCentre M90t Gen 4 High-Performance Tower,Lenovo Group Ltd,CAT-COMP,CAT-DSK,HARDWARE,High-capacity commercial tower PC ready for dual graphic cards and multiple enterprise drives,11TV001KIN,EACH,64000.00,77000.00,18.0,36,ACTIVE,true,false,2026-01-10T08:00:00Z,2026-03-01T10:00:00Z
PROD-0030,DSK-LEN-NEO50A,Lenovo ThinkCentre Neo 50a 24-inch Commercial All-in-One,Lenovo Group Ltd,CAT-COMP,CAT-DSK,HARDWARE,Modern clutter-free commercial AIO desktop with AI-assisted noise cancellation,12B8001BIN,EACH,53000.00,64000.00,18.0,36,ACTIVE,true,false,2026-01-10T08:00:00Z,2026-03-01T10:00:00Z
PROD-0031,DSK-APP-MMINIM2P,Apple Mac Mini M2 Pro Commercial Endpoint,Apple Inc.,CAT-COMP,CAT-DSK,HARDWARE,"Versatile compact desktop with M2 Pro performance, quad Thunderbolt 4 ports, and 10GbE option",MNH73HN/A,EACH,108000.00,129900.00,18.0,12,ACTIVE,true,false,2026-01-10T08:00:00Z,2026-03-01T10:00:00Z
PROD-0032,DSK-APP-MSTUDIOM2M,Apple Mac Studio M2 Max Enterprise Creative Desktop,Apple Inc.,CAT-COMP,CAT-DSK,HARDWARE,"Compact powerhouse desktop engineered for massive data modeling, rendering and Xcode compilation",MQH73HN/A,EACH,175000.00,209900.00,18.0,12,ACTIVE,true,false,2026-01-10T08:00:00Z,2026-03-01T10:00:00Z
PROD-0033,WKS-DEL-PR3660,Dell Precision 3660 Tower CAD Workstation,Dell Technologies,CAT-COMP,CAT-WKS,HARDWARE,Entry CAD and architectural workstation featuring Intel 13th Gen Core and NVIDIA RTX graphics,DEL-PREC-3660-TWR,EACH,115000.00,142000.00,18.0,36,ACTIVE,true,false,2026-01-10T08:00:00Z,2026-03-01T10:00:00Z
PROD-0034,WKS-DEL-PR5860,Dell Precision 5860 Tower Engineering Workstation,Dell Technologies,CAT-COMP,CAT-WKS,HARDWARE,"Intel Xeon W-class mid-tower workstation engineered for simulation, CAE and complex assemblies",DEL-PREC-5860-TWR,EACH,220000.00,275000.00,18.0,36,ACTIVE,true,false,2026-01-10T08:00:00Z,2026-03-01T10:00:00Z
PROD-0035,WKS-DEL-PR7960,Dell Precision 7960 Tower Dual-GPU AI Workstation,Dell Technologies,CAT-COMP,CAT-WKS,HARDWARE,Dual-socket capable extreme compute workstation for generative AI fine-tuning and visual effects,DEL-PREC-7960-TWR,EACH,480000.00,595000.00,18.0,36,ACTIVE,true,false,2026-01-10T08:00:00Z,2026-03-01T10:00:00Z
PROD-0036,WKS-DEL-PR3930,Dell Precision 3930 1U Rackmount Enterprise Workstation,Dell Technologies,CAT-COMP,CAT-WKS,HARDWARE,High-density 1U rack-mounted remote workstation for secure 1:1 datacenter virtualization,DEL-PREC-3930-1U,EACH,160000.00,198000.00,18.0,36,ACTIVE,true,false,2026-01-10T08:00:00Z,2026-03-01T10:00:00Z
PROD-0037,WKS-HP-Z2TWRG9,HP Z2 Tower G9 Entry Workstation,HP Inc.,CAT-COMP,CAT-WKS,HARDWARE,High-frequency single-socket CAD and BIM workstation certified for SolidWorks and AutoCAD,5F0F2PA,EACH,108000.00,132000.00,18.0,36,ACTIVE,true,false,2026-01-10T08:00:00Z,2026-03-01T10:00:00Z
PROD-0038,WKS-HP-Z4G5,HP Z4 G5 Workstation for Simulation & Rendering,HP Inc.,CAT-COMP,CAT-WKS,HARDWARE,"Engineered for high-compute engineering simulation, FEA modeling and multi-threaded rendering",6W1D8PA,EACH,195000.00,245000.00,18.0,36,ACTIVE,true,false,2026-01-10T08:00:00Z,2026-03-01T10:00:00Z
PROD-0039,WKS-HP-Z8FURY,HP Z8 Fury G5 Ultimate High-End Compute Workstation,HP Inc.,CAT-COMP,CAT-WKS,HARDWARE,Extreme desktop powerhouse supporting up to 56 cores and 4 high-end GPUs with 2250W power,6W2B4PA,EACH,560000.00,690000.00,18.0,36,ACTIVE,true,false,2026-01-10T08:00:00Z,2026-03-01T10:00:00Z
PROD-0040,WKS-HP-ZC4R,HP ZCentral 4R 1U High-Density Rack Workstation,HP Inc.,CAT-COMP,CAT-WKS,HARDWARE,Rack-optimized workstation delivering remote performance for CAD users with HP Anyware,4K6L0PA,EACH,170000.00,210000.00,18.0,36,ACTIVE,true,false,2026-01-10T08:00:00Z,2026-03-01T10:00:00Z
PROD-0041,WKS-LEN-TSP3TWR,Lenovo ThinkStation P3 Tower Workstation,Lenovo Group Ltd,CAT-COMP,CAT-WKS,HARDWARE,"Workstation power at desktop pricing certified for Autodesk, Bentley and Siemens NX",30GS002MIN,EACH,112000.00,138000.00,18.0,36,ACTIVE,true,false,2026-01-10T08:00:00Z,2026-03-01T10:00:00Z
PROD-0042,WKS-LEN-TSP5,Lenovo ThinkStation P5 Aston Martin Chassis Workstation,Lenovo Group Ltd,CAT-COMP,CAT-WKS,HARDWARE,Aston Martin designed airflow chassis with front-access NVMe drives and Intel Xeon W,30GA001DIN,EACH,210000.00,260000.00,18.0,36,ACTIVE,true,false,2026-01-10T08:00:00Z,2026-03-01T10:00:00Z
PROD-0043,WKS-LEN-TSP7,Lenovo ThinkStation P7 High-Core Count Simulation Workstation,Lenovo Group Ltd,CAT-COMP,CAT-WKS,HARDWARE,High-core count Intel Xeon W-3400 single-socket workstation capable of triple high-end GPUs,30F3000GIN,EACH,380000.00,475000.00,18.0,36,ACTIVE,true,false,2026-01-10T08:00:00Z,2026-03-01T10:00:00Z
PROD-0044,WKS-LEN-TSPX,Lenovo ThinkStation PX Dual-Socket AI Supercomputing Workstation,Lenovo Group Ltd,CAT-COMP,CAT-WKS,HARDWARE,Dual 4th Gen Intel Xeon Scalable processors with up to 120 cores and quad NVIDIA RTX 6000 Ada,30EV000EIN,EACH,720000.00,890000.00,18.0,36,ACTIVE,true,false,2026-01-10T08:00:00Z,2026-03-01T10:00:00Z
PROD-0045,SRV-DEL-PER660,Dell PowerEdge R660 1U Dual-Socket Rack Server,Dell Technologies,CAT-INFRA,CAT-SRV,HARDWARE,"Dense 1U 2-socket rack server optimized for web tech, high-density compute and virtualization",DEL-PE-R660-BASE,EACH,280000.00,350000.00,18.0,36,ACTIVE,true,false,2026-01-10T08:00:00Z,2026-03-01T10:00:00Z
PROD-0046,SRV-DEL-PER760,Dell PowerEdge R760 2U Enterprise Virtualization Server,Dell Technologies,CAT-INFRA,CAT-SRV,HARDWARE,"Flagship 2U 2-socket rack server for virtualization, database processing and enterprise workloads",DEL-PE-R760-BASE,EACH,420000.00,525000.00,18.0,36,ACTIVE,true,false,2026-01-10T08:00:00Z,2026-03-01T10:00:00Z
PROD-0047,SRV-DEL-PER760XS,Dell PowerEdge R760xs 2U Scalable Enterprise Server,Dell Technologies,CAT-INFRA,CAT-SRV,HARDWARE,"Purpose-built 2U rack server optimized for scale-out compute, clustered virtualization and SAN workloads",DEL-PE-R760XS-BASE,EACH,340000.00,420000.00,18.0,36,ACTIVE,true,false,2026-01-10T08:00:00Z,2026-03-01T10:00:00Z
PROD-0048,SRV-DEL-PET360,Dell PowerEdge T360 1-Socket SMB Tower Server,Dell Technologies,CAT-INFRA,CAT-SRV,HARDWARE,"Quiet, reliable 1-socket tower server for small-to-midsize business file, print and branch office",DEL-PE-T360-BASE,EACH,125000.00,155000.00,18.0,36,ACTIVE,true,false,2026-01-10T08:00:00Z,2026-03-01T10:00:00Z
PROD-0049,SRV-DEL-PET560,Dell PowerEdge T560 2-Socket Enterprise Tower Server,Dell Technologies,CAT-INFRA,CAT-SRV,HARDWARE,"Powerful 2-socket tower server with dual redundant power supplies, hot-plug drives and quiet fans",DEL-PE-T560-BASE,EACH,310000.00,385000.00,18.0,36,ACTIVE,true,false,2026-01-10T08:00:00Z,2026-03-01T10:00:00Z
PROD-0050,SRV-HPE-DL360G11,HPE ProLiant DL360 Gen11 1U High-Density Rack Server,Hewlett Packard Enterprise,CAT-INFRA,CAT-SRV,HARDWARE,"Dense compute 1U 2P server engineered for hybrid cloud, software-defined storage and container farms",P52493-B21,EACH,295000.00,365000.00,18.0,36,ACTIVE,true,false,2026-01-10T08:00:00Z,2026-03-01T10:00:00Z
PROD-0051,SRV-HPE-DL380G11,HPE ProLiant DL380 Gen11 2U Multi-Workload Enterprise Server,Hewlett Packard Enterprise,CAT-INFRA,CAT-SRV,HARDWARE,The enterprise industry standard 2U 2P multi-workload server delivering world-class expandability,P52534-B21,EACH,440000.00,545000.00,18.0,36,ACTIVE,true,false,2026-01-10T08:00:00Z,2026-03-01T10:00:00Z
PROD-0052,SRV-HPE-ML350G11,HPE ProLiant ML350 Gen11 2-Socket Expandable Tower Server,Hewlett Packard Enterprise,CAT-INFRA,CAT-SRV,HARDWARE,Robust dual-socket tower server with maximum internal storage expandability for branch offices,P52690-B21,EACH,320000.00,398000.00,18.0,36,ACTIVE,true,false,2026-01-10T08:00:00Z,2026-03-01T10:00:00Z
PROD-0053,SRV-HPE-MICROSVR,HPE ProLiant MicroServer Gen10 Plus v2 Edge Server,Hewlett Packard Enterprise,CAT-INFRA,CAT-SRV,HARDWARE,"Ultra-compact edge server suitable for small offices, retail branches and local NAS storage",P54644-B21,EACH,68000.00,84000.00,18.0,12,ACTIVE,true,false,2026-01-10T08:00:00Z,2026-03-01T10:00:00Z
PROD-0054,SRV-LEN-SR650V3,Lenovo ThinkSystem SR650 V3 2U Mission-Critical Server,Lenovo Group Ltd,CAT-INFRA,CAT-SRV,HARDWARE,"Optimum 2U 2-socket server engineered for SAP HANA, virtualization and high-throughput data processing",7D75A016IN,EACH,435000.00,538000.00,18.0,36,ACTIVE,true,false,2026-01-10T08:00:00Z,2026-03-01T10:00:00Z
PROD-0055,SRV-LEN-SR630V3,Lenovo ThinkSystem SR630 V3 1U Dense Compute Server,Lenovo Group Ltd,CAT-INFRA,CAT-SRV,HARDWARE,"High compute-density 1U rack server engineered for cloud services, HPC and security gateways",7D72A012IN,EACH,290000.00,360000.00,18.0,36,ACTIVE,true,false,2026-01-10T08:00:00Z,2026-03-01T10:00:00Z
PROD-0056,SRV-LEN-ST250V2,Lenovo ThinkSystem ST250 V2 Entry Business Tower Server,Lenovo Group Ltd,CAT-INFRA,CAT-SRV,HARDWARE,Enterprise-grade 1-socket tower server providing enterprise-level security and quiet acoustics,7D8FA014IN,EACH,118000.00,146000.00,18.0,36,ACTIVE,true,false,2026-01-10T08:00:00Z,2026-03-01T10:00:00Z
PROD-0057,SRV-LEN-ST550V2,Lenovo ThinkSystem ST550 V2 Scalable Dual-Socket Tower Server,Lenovo Group Ltd,CAT-INFRA,CAT-SRV,HARDWARE,"Dual-socket 4U tower server that delivers high compute power, storage and GPU expandability",7X10A039IN,EACH,280000.00,348000.00,18.0,36,ACTIVE,true,false,2026-01-10T08:00:00Z,2026-03-01T10:00:00Z
PROD-0058,SRV-DEL-PER760XD2,Dell PowerEdge R760xd2 High-Capacity Storage Server,Dell Technologies,CAT-INFRA,CAT-SRV,HARDWARE,"Massive storage server supporting up to 28x 3.5"" front/rear drives for backup, video and analytics",DEL-PE-R760XD2-BASE,EACH,580000.00,720000.00,18.0,36,ACTIVE,true,false,2026-01-10T08:00:00Z,2026-03-01T10:00:00Z
PROD-0059,SMP-APP-IPH15,Apple iPhone 15 Enterprise Edition 5G,Apple Inc.,CAT-MOB,CAT-SMP,HARDWARE,"Dynamic Island, 48MP main camera, USB-C, A16 Bionic with Apple Business Manager enrollment",MTP03HN/A,EACH,64000.00,74900.00,18.0,12,ACTIVE,true,false,2026-01-10T08:00:00Z,2026-03-01T10:00:00Z
PROD-0060,SMP-APP-IPH15PRO,Apple iPhone 15 Pro Titanium Enterprise Edition 5G,Apple Inc.,CAT-MOB,CAT-SMP,HARDWARE,"Aerospace-grade titanium design, A17 Pro 3nm chip, customizable Action button, USB 3 speeds",MTV13HN/A,EACH,112000.00,129800.00,18.0,12,ACTIVE,true,false,2026-01-10T08:00:00Z,2026-03-01T10:00:00Z
PROD-0061,SMP-APP-IPH15PM,Apple iPhone 15 Pro Max Titanium Executive Edition 5G,Apple Inc.,CAT-MOB,CAT-SMP,HARDWARE,"Executive smartphone with 5x optical telephoto lens, 6.7-inch display and titanium build",MU773HN/A,EACH,138000.00,159900.00,18.0,12,ACTIVE,true,false,2026-01-10T08:00:00Z,2026-03-01T10:00:00Z
PROD-0062,SMP-APP-IPH14,Apple iPhone 14 Commercial Fleet Smartphone 5G,Apple Inc.,CAT-MOB,CAT-SMP,HARDWARE,Proven commercial corporate deployment device with Crash Detection and ceramic shield,MPUF3HN/A,EACH,54000.00,62900.00,18.0,12,ACTIVE,true,false,2026-01-10T08:00:00Z,2026-03-01T10:00:00Z
PROD-0063,SMP-SAM-S24EE,Samsung Galaxy S24 5G Enterprise Edition,Samsung Electronics,CAT-MOB,CAT-SMP,HARDWARE,"Galaxy AI business tools, Samsung Knox security suite and guaranteed 7 years of OS updates",SM-S921B-EE,EACH,65000.00,74999.00,18.0,24,ACTIVE,true,false,2026-01-10T08:00:00Z,2026-03-01T10:00:00Z
PROD-0064,SMP-SAM-S24ULTRA,Samsung Galaxy S24 Ultra 5G Executive Edition,Samsung Electronics,CAT-MOB,CAT-SMP,HARDWARE,"Titanium frame, integrated S Pen, Snapdragon 8 Gen 3 for Galaxy, 200MP camera and Live Translate",SM-S928B-EXEC,EACH,114000.00,129999.00,18.0,24,ACTIVE,true,false,2026-01-10T08:00:00Z,2026-03-01T10:00:00Z
PROD-0065,SMP-SAM-S24PLUS,Samsung Galaxy S24+ 5G Enterprise Edition,Samsung Electronics,CAT-MOB,CAT-SMP,HARDWARE,"Large 6.7"" QHD+ display, 4900mAh all-day enterprise battery and 45W super-fast wired charging",SM-S926B-EE,EACH,84000.00,96999.00,18.0,24,ACTIVE,true,false,2026-01-10T08:00:00Z,2026-03-01T10:00:00Z
PROD-0066,SMP-SAM-A55EE,Samsung Galaxy A55 5G Enterprise Edition,Samsung Electronics,CAT-MOB,CAT-SMP,HARDWARE,"Cost-effective commercial fleet mobile device with metal frame, IP67 water resistance and Knox Vault",SM-A556E-EE,EACH,32000.00,36999.00,18.0,24,ACTIVE,true,false,2026-01-10T08:00:00Z,2026-03-01T10:00:00Z
PROD-0067,SMP-SAM-XC6PRO,Samsung Galaxy XCover6 Pro Ruggedized Enterprise Smartphone,Samsung Electronics,CAT-MOB,CAT-SMP,HARDWARE,MIL-STD-810H and IP68 certified rugged smartphone with swappable battery and programmable keys,SM-G736B-RUG,EACH,46000.00,52999.00,18.0,24,ACTIVE,true,false,2026-01-10T08:00:00Z,2026-03-01T10:00:00Z
PROD-0068,SMP-GOO-PX8PRO,Google Pixel 8 Pro Enterprise 5G,Google LLC,CAT-MOB,CAT-SMP,HARDWARE,"Google Tensor G3, Titan M2 security coprocessor, Temperature sensor, Android Enterprise Recommended",GA04834-IN,EACH,92000.00,106999.00,18.0,12,ACTIVE,true,false,2026-01-10T08:00:00Z,2026-03-01T10:00:00Z
PROD-0069,SMP-GOO-PX8,Google Pixel 8 Commercial Fleet 5G,Google LLC,CAT-MOB,CAT-SMP,HARDWARE,"Compact corporate device with advanced AI transcription, Call Screen and pure zero-bloat Android",GA04803-IN,EACH,66000.00,75999.00,18.0,12,ACTIVE,true,false,2026-01-10T08:00:00Z,2026-03-01T10:00:00Z
PROD-0070,SMP-1PL-12COM,OnePlus 12 5G High-Performance Commercial Edition,OnePlus Technology,CAT-MOB,CAT-SMP,HARDWARE,Snapdragon 8 Gen 3 flagship with massive 5400mAh battery and 100W SuperVOOC flash charging,CPH2573,EACH,57000.00,64999.00,18.0,12,ACTIVE,true,false,2026-01-10T08:00:00Z,2026-03-01T10:00:00Z
PROD-0071,TAB-APP-IPAD10,Apple iPad 10.9-inch (10th Gen) Enterprise Tablet,Apple Inc.,CAT-MOB,CAT-TAB,HARDWARE,"All-screen design with Liquid Retina display, A14 Bionic, USB-C and Apple Pencil support",MPQ03HN/A,EACH,33000.00,39900.00,18.0,12,ACTIVE,true,false,2026-01-10T08:00:00Z,2026-03-01T10:00:00Z
PROD-0072,TAB-APP-IPAIRM2,Apple iPad Air 11-inch M2 Enterprise Edition,Apple Inc.,CAT-MOB,CAT-TAB,HARDWARE,Apple M2 chip performance with landscape 12MP ultra-wide front camera for Zoom/Teams,MUWC3HN/A,EACH,51000.00,59900.00,18.0,12,ACTIVE,true,false,2026-01-10T08:00:00Z,2026-03-01T10:00:00Z
PROD-0073,TAB-APP-IPPRO11M4,Apple iPad Pro 11-inch M4 Ultra Retina Enterprise,Apple Inc.,CAT-MOB,CAT-TAB,HARDWARE,World's most advanced display with Tandem OLED Ultra Retina XDR and revolutionary M4 silicon,MVX23HN/A,EACH,86000.00,99900.00,18.0,12,ACTIVE,true,false,2026-01-10T08:00:00Z,2026-03-01T10:00:00Z
PROD-0074,TAB-APP-IPPRO13M4,Apple iPad Pro 13-inch M4 Ultra Retina Executive Tablet,Apple Inc.,CAT-MOB,CAT-TAB,HARDWARE,"Ultra-thin 5.1mm design, 13-inch Tandem OLED, M4 10-core CPU engineered for C-suite and creative leads",MVX63HN/A,EACH,112000.00,129900.00,18.0,12,ACTIVE,true,false,2026-01-10T08:00:00Z,2026-03-01T10:00:00Z
PROD-0075,TAB-SAM-TABS9,Samsung Galaxy Tab S9 11-inch Enterprise Edition (Wi-Fi/5G),Samsung Electronics,CAT-MOB,CAT-TAB,HARDWARE,"Dynamic AMOLED 2X, IP68 water & dust resistance, bundled S Pen, Samsung DeX desktop mode",SM-X716B-EE,EACH,62000.00,72999.00,18.0,24,ACTIVE,true,false,2026-01-10T08:00:00Z,2026-03-01T10:00:00Z
PROD-0076,TAB-SAM-S9ULTRA,Samsung Galaxy Tab S9 Ultra 14.6-inch Enterprise Presentation Tablet,Samsung Electronics,CAT-MOB,CAT-TAB,HARDWARE,"Massive 14.6"" AMOLED screen replacing laptop screens in executive boardrooms with DeX",SM-X916B-EXEC,EACH,98000.00,115999.00,18.0,24,ACTIVE,true,false,2026-01-10T08:00:00Z,2026-03-01T10:00:00Z
PROD-0077,TAB-SAM-ACT4PRO,Samsung Galaxy Tab Active4 Pro Rugged Field Tablet,Samsung Electronics,CAT-MOB,CAT-TAB,HARDWARE,"Heavy-duty field tablet with anti-shock protective cover, replaceable battery and No Battery mode",SM-T636B-RUG,EACH,52000.00,60999.00,18.0,24,ACTIVE,true,false,2026-01-10T08:00:00Z,2026-03-01T10:00:00Z
PROD-0078,TAB-LEN-P12PRO,Lenovo Tab P12 Pro 12.6-inch Commercial Tablet,Lenovo Group Ltd,CAT-MOB,CAT-TAB,HARDWARE,Slim aluminum tablet with 2K AMOLED 120Hz display and Lenovo Precision Pen 3 support,ZA9D0022IN,EACH,48000.00,56999.00,18.0,12,ACTIVE,true,false,2026-01-10T08:00:00Z,2026-03-01T10:00:00Z
PROD-0079,MON-DEL-P2422H,Dell P2422H 23.8-inch FHD IPS Commercial Monitor,Dell Technologies,CAT-PERIPH,CAT-MON,HARDWARE,"Corporate standard 24"" IPS monitor with ComfortView Plus low-blue-light and full ergonomic stand",DEL-P2422H-BASE,EACH,11500.00,14200.00,18.0,36,ACTIVE,true,false,2026-01-10T08:00:00Z,2026-03-01T10:00:00Z
PROD-0080,MON-DEL-P2722H,Dell P2722H 27-inch FHD Ergonomic Business Monitor,Dell Technologies,CAT-PERIPH,CAT-MON,HARDWARE,Spacious 27-inch display optimized for spreadsheet and data entry operations with ultra-thin bezel,DEL-P2722H-BASE,EACH,14500.00,17800.00,18.0,36,ACTIVE,true,false,2026-01-10T08:00:00Z,2026-03-01T10:00:00Z
PROD-0081,MON-DEL-P2723DE,Dell P2723DE 27-inch QHD USB-C Productivity Hub Monitor,Dell Technologies,CAT-PERIPH,CAT-MON,HARDWARE,Crystal-clear QHD resolution with built-in RJ45 Ethernet and 90W USB-C single-cable connectivity,DEL-P2723DE-BASE,EACH,27000.00,32800.00,18.0,36,ACTIVE,true,false,2026-01-10T08:00:00Z,2026-03-01T10:00:00Z
PROD-0082,MON-DEL-U2724D,Dell UltraSharp U2724D 27-inch QHD Color-Accurate Monitor,Dell Technologies,CAT-PERIPH,CAT-MON,HARDWARE,"IPS Black technology with 2000:1 contrast ratio, 120Hz refresh rate and ambient light sensor",DEL-U2724D-BASE,EACH,32000.00,38900.00,18.0,36,ACTIVE,true,false,2026-01-10T08:00:00Z,2026-03-01T10:00:00Z
PROD-0083,MON-DEL-U3223QE,Dell UltraSharp U3223QE 31.5-inch 4K UHD USB-C Hub Monitor,Dell Technologies,CAT-PERIPH,CAT-MON,HARDWARE,"Brilliant 4K UHD monitor with IPS Black technology, 98% DCI-P3 color gamut, KVM switch and RJ45",DEL-U3223QE-BASE,EACH,58000.00,69900.00,18.0,36,ACTIVE,true,false,2026-01-10T08:00:00Z,2026-03-01T10:00:00Z
PROD-0084,MON-DEL-U3423WE,Dell UltraSharp U3423WE 34-inch Curved WQHD USB-C Ultrawide,Dell Technologies,CAT-PERIPH,CAT-MON,HARDWARE,"Immersive 21:9 curved ultrawide with IPS Black, integrated 2x 5W speakers, KVM and dual-PC PbP",DEL-U3423WE-BASE,EACH,72000.00,86500.00,18.0,36,ACTIVE,true,false,2026-01-10T08:00:00Z,2026-03-01T10:00:00Z
PROD-0085,MON-HP-E24G4,HP E24 G4 23.8-inch FHD Ergonomic Enterprise Monitor,HP Inc.,CAT-PERIPH,CAT-MON,HARDWARE,Mainstream corporate display featuring HP Eye Ease always-on low-blue-light filter,9VF99AA,EACH,11200.00,13800.00,18.0,36,ACTIVE,true,false,2026-01-10T08:00:00Z,2026-03-01T10:00:00Z
PROD-0086,MON-HP-E27G4,HP E27 G4 27-inch FHD Commercial Business Monitor,HP Inc.,CAT-PERIPH,CAT-MON,HARDWARE,27-inch 3-sided micro-edge business display with 4-way adjustability and crisp viewing angles,9VG71AA,EACH,14200.00,17500.00,18.0,36,ACTIVE,true,false,2026-01-10T08:00:00Z,2026-03-01T10:00:00Z
PROD-0087,MON-HP-E27UG5,HP E27u G5 27-inch QHD USB-C Conferencing Monitor,HP Inc.,CAT-PERIPH,CAT-MON,HARDWARE,"Single-cable USB-C hub monitor providing 65W power delivery, daisy chaining and RJ45 LAN",6N4D3AA,EACH,28000.00,34000.00,18.0,36,ACTIVE,true,false,2026-01-10T08:00:00Z,2026-03-01T10:00:00Z
PROD-0088,MON-HP-Z27KG3,HP Z27k G3 27-inch 4K UHD Color-Calibrated Workstation Display,HP Inc.,CAT-PERIPH,CAT-MON,HARDWARE,Factory color-calibrated 4K display crafted with real aluminum and 99% sRGB color accuracy,1B9T0AA,EACH,48000.00,58000.00,18.0,36,ACTIVE,true,false,2026-01-10T08:00:00Z,2026-03-01T10:00:00Z
PROD-0089,MON-LEN-T24I30,Lenovo ThinkVision T24i-30 23.8-inch FHD Business Display,Lenovo Group Ltd,CAT-PERIPH,CAT-MON,HARDWARE,"Reliable 23.8"" borderless business monitor with Natural Low Blue Light certification",63CFMAR3IN,EACH,11000.00,13500.00,18.0,36,ACTIVE,true,false,2026-01-10T08:00:00Z,2026-03-01T10:00:00Z
PROD-0090,MON-LEN-T27H30,Lenovo ThinkVision T27h-30 27-inch QHD USB-C Docking Monitor,Lenovo Group Ltd,CAT-PERIPH,CAT-MON,HARDWARE,"Complete desk-docking solution with 90W USB-C, dedicated Ethernet port and DP-out daisy chain",63A3GAR1IN,EACH,26500.00,32500.00,18.0,36,ACTIVE,true,false,2026-01-10T08:00:00Z,2026-03-01T10:00:00Z
PROD-0091,MON-LEN-P32P30,Lenovo ThinkVision P32p-30 31.5-inch 4K Professional Display,Lenovo Group Ltd,CAT-PERIPH,CAT-MON,HARDWARE,"Pro-grade 31.5-inch 4K UHD monitor with Thunderbolt 4 in/out, 100% sRGB/DCI-P3, and hardware KVM",63D3GAR1IN,EACH,62000.00,74900.00,18.0,36,ACTIVE,true,false,2026-01-10T08:00:00Z,2026-03-01T10:00:00Z
PROD-0092,MON-LG-34WN80C,LG 34WN80C-B 34-inch 21:9 UltraWide WQHD IPS Curved Monitor,LG Electronics,CAT-PERIPH,CAT-MON,HARDWARE,"Productivity ultrawide monitor with USB-C 60W power delivery, HDR10 and OnScreen Control",34WN80C-B.ATR,EACH,42000.00,49999.00,18.0,36,ACTIVE,true,false,2026-01-10T08:00:00Z,2026-03-01T10:00:00Z
PROD-0093,NET-CIS-C9200L-24P,Cisco Catalyst 9200L 24-Port Gigabit Managed PoE+ Switch,Cisco Systems,CAT-INFRA,CAT-NET,HARDWARE,Enterprise foundational Layer 3 switch with 24x 1GbE PoE+ ports (370W budget) and 4x 1G SFP uplinks,C9200L-24P-4G-E,EACH,145000.00,178000.00,18.0,60,ACTIVE,true,false,2026-01-10T08:00:00Z,2026-03-01T10:00:00Z
PROD-0094,NET-CIS-C9200L-48P,Cisco Catalyst 9200L 48-Port Gigabit Managed PoE+ Switch,Cisco Systems,CAT-INFRA,CAT-NET,HARDWARE,Enterprise high-density access switch with 48x 1GbE PoE+ ports (740W budget) and 4x 10G SFP+ uplinks,C9200L-48P-4X-E,EACH,230000.00,285000.00,18.0,60,ACTIVE,true,false,2026-01-10T08:00:00Z,2026-03-01T10:00:00Z
PROD-0095,NET-CIS-C9300-48,Cisco Catalyst 9300 48-Port Multi-Gigabit Layer 3 Core Switch,Cisco Systems,CAT-INFRA,CAT-NET,HARDWARE,"Enterprise lead stackable access platform for security, IoT, mobility, and cloud with 480Gbps stacking",C9300-48U-A,EACH,420000.00,520000.00,18.0,60,ACTIVE,true,false,2026-01-10T08:00:00Z,2026-03-01T10:00:00Z
PROD-0096,NET-CIS-CBS250-24T,Cisco Business 250 Series CBS250-24T-4G Smart Switch,Cisco Systems,CAT-INFRA,CAT-NET,HARDWARE,Affordable smart gigabit switch for SMB commercial offices with intuitive web dashboard,CBS250-24T-4G-IN,EACH,24000.00,29500.00,18.0,36,ACTIVE,true,false,2026-01-10T08:00:00Z,2026-03-01T10:00:00Z
PROD-0097,NET-CIS-C9120AX,Cisco Catalyst 9120AX Series Wi-Fi 6 Enterprise Access Point,Cisco Systems,CAT-INFRA,CAT-NET,HARDWARE,"Mission-critical enterprise Wi-Fi 6 AP with 4x4:4 MIMO, integrated BLE and IoT RF ASIC",C9120AXI-D,EACH,48000.00,59000.00,18.0,60,ACTIVE,true,false,2026-01-10T08:00:00Z,2026-03-01T10:00:00Z
PROD-0098,NET-ARU-CX6100-24P,Aruba CX 6100 24G 4SFP+ Class 4 PoE 370W Switch,Aruba Networks (HPE),CAT-INFRA,CAT-NET,HARDWARE,Entry-level enterprise access switch with modern AOS-CX operating system and 4x 10G uplinks,JL677A,EACH,92000.00,114000.00,18.0,60,ACTIVE,true,false,2026-01-10T08:00:00Z,2026-03-01T10:00:00Z
PROD-0099,NET-ARU-CX6200-48P,Aruba CX 6200F 48G Class 4 PoE 4SFP+ 740W Switch,Aruba Networks (HPE),CAT-INFRA,CAT-NET,HARDWARE,"Next-gen stackable enterprise switch with built-in analytics, dynamic segmentation and VSF stacking",JL726A,EACH,185000.00,228000.00,18.0,60,ACTIVE,true,false,2026-01-10T08:00:00Z,2026-03-01T10:00:00Z
PROD-0100,NET-ARU-AP515,Aruba AP-515 Unified Wi-Fi 6 Campus Access Point,Aruba Networks (HPE),CAT-INFRA,CAT-NET,HARDWARE,High-performance campus dual-radio Wi-Fi 6 AP with AI-powered ClientMatch and OFDMA,Q9H62A,EACH,42000.00,52000.00,18.0,60,ACTIVE,true,false,2026-01-10T08:00:00Z,2026-03-01T10:00:00Z
PROD-0101,NET-ARU-AP505,Aruba AP-505 Campus Dual-Radio Wi-Fi 6 AP,Aruba Networks (HPE),CAT-INFRA,CAT-NET,HARDWARE,Cost-effective Wi-Fi 6 connectivity for medium density enterprise environments like schools and clinics,R2H28A,EACH,28000.00,34500.00,18.0,60,ACTIVE,true,false,2026-01-10T08:00:00Z,2026-03-01T10:00:00Z
PROD-0102,NET-UBI-USWPRO24,Ubiquiti UniFi Switch Pro 24 PoE Layer 2/3 Managed Switch,Ubiquiti Networks,CAT-INFRA,CAT-NET,HARDWARE,Layer 3 enterprise switch with 24x GbE ports including 802.3bt PoE++ and 2x 10G SFP+ uplinks,USW-Pro-24-PoE,EACH,48000.00,59500.00,18.0,24,ACTIVE,true,false,2026-01-10T08:00:00Z,2026-03-01T10:00:00Z
PROD-0103,NET-UBI-USWPRO48,Ubiquiti UniFi Switch Pro 48 PoE Enterprise Switch,Ubiquiti Networks,CAT-INFRA,CAT-NET,HARDWARE,"High-port-count switch with 40x PoE+, 8x PoE++ (600W budget) and 4x 10G SFP+ ports",USW-Pro-48-PoE,EACH,88000.00,108000.00,18.0,24,ACTIVE,true,false,2026-01-10T08:00:00Z,2026-03-01T10:00:00Z
PROD-0104,NET-UBI-U6PRO,Ubiquiti UniFi 6 Pro High-Performance Wi-Fi 6 Access Point,Ubiquiti Networks,CAT-INFRA,CAT-NET,HARDWARE,Dual-band Wi-Fi 6 AP with 5.3Gbps aggregate throughput rate and 300+ concurrent client capacity,U6-Pro,EACH,15500.00,18900.00,18.0,24,ACTIVE,true,false,2026-01-10T08:00:00Z,2026-03-01T10:00:00Z
PROD-0105,NET-UBI-UDMPRO,Ubiquiti UniFi Dream Machine Pro Enterprise Security Gateway,Ubiquiti Networks,CAT-INFRA,CAT-NET,HARDWARE,"All-in-one 1U rackmount console with 3.5Gbps IDS/IPS throughput, 8-port switch and 10G SFP+ WAN/LAN",UDM-Pro,EACH,38000.00,46500.00,18.0,24,ACTIVE,true,false,2026-01-10T08:00:00Z,2026-03-01T10:00:00Z
PROD-0106,NET-FOR-FG60F,Fortinet FortiGate 60F Enterprise Next-Gen Firewall,Fortinet Inc.,CAT-INFRA,CAT-NET,HARDWARE,Industry-leading secure SD-WAN and NGFW with patented SOC4 processor and 10 Gbps firewall throughput,FG-60F-BDL-950-12,EACH,58000.00,72000.00,18.0,36,ACTIVE,true,false,2026-01-10T08:00:00Z,2026-03-01T10:00:00Z
PROD-0107,NET-FOR-FG100F,Fortinet FortiGate 100F Enterprise Mid-Market Next-Gen Firewall,Fortinet Inc.,CAT-INFRA,CAT-NET,HARDWARE,Enterprise-class 1U rackmount firewall with 1 Gbps threat protection throughput and dual 10G SFP+ ports,FG-100F-BDL-950-12,EACH,195000.00,245000.00,18.0,36,ACTIVE,true,false,2026-01-10T08:00:00Z,2026-03-01T10:00:00Z
PROD-0108,NET-TPL-SG3428XMP,TP-Link Omada SG3428XMP 24-Port Gigabit L2+ Managed PoE+ Switch,TP-Link Technologies,CAT-INFRA,CAT-NET,HARDWARE,Cost-effective managed PoE+ switch with 4x 10G SFP+ uplink slots and Omada Cloud SDN management,TL-SG3428XMP,EACH,32000.00,39999.00,18.0,36,ACTIVE,true,false,2026-01-10T08:00:00Z,2026-03-01T10:00:00Z
PROD-0109,STO-SYN-DS923P,Synology DiskStation DS923+ 4-Bay Enterprise NAS,Synology Inc.,CAT-INFRA,CAT-STO,HARDWARE,Compact 4-bay NAS scalable up to 9 drives with dual 1GbE ports and PCIe slot for 10GbE,DS923+,EACH,48000.00,58500.00,18.0,36,ACTIVE,true,false,2026-01-10T08:00:00Z,2026-03-01T10:00:00Z
PROD-0110,STO-SYN-DS1821P,Synology DiskStation DS1821+ 8-Bay Scalable SMB NAS,Synology Inc.,CAT-INFRA,CAT-STO,HARDWARE,"Powerful 8-bay desktop tower designed for high-capacity backup, file serving and virtualization storage",DS1821+,EACH,88000.00,107000.00,18.0,36,ACTIVE,true,false,2026-01-10T08:00:00Z,2026-03-01T10:00:00Z
PROD-0111,STO-SYN-RS2423P,Synology RackStation RS2423+ 12-Bay 2U Enterprise Rackmount NAS,Synology Inc.,CAT-INFRA,CAT-STO,HARDWARE,High-capacity 2U rackmount storage server delivering sequential read/write over 3500/1700 MB/s,RS2423+,EACH,195000.00,238000.00,18.0,36,ACTIVE,true,false,2026-01-10T08:00:00Z,2026-03-01T10:00:00Z
PROD-0112,STO-SYN-RS3621XS,Synology RackStation RS3621xs+ 12-Bay High-Performance SAN/NAS,Synology Inc.,CAT-INFRA,CAT-STO,HARDWARE,"Enterprise mission-critical storage delivering over 238,000 4K random read IOPS with redundant power",RS3621xs+,EACH,380000.00,465000.00,18.0,60,ACTIVE,true,false,2026-01-10T08:00:00Z,2026-03-01T10:00:00Z
PROD-0113,STO-QNP-TS464,QNAP TS-464 4-Bay Quad-Core 2.5GbE NAS,QNAP Systems,CAT-INFRA,CAT-STO,HARDWARE,"High-speed 2.5GbE networking, M.2 NVMe SSD caching, HDMI 4K display and hardware encryption",TS-464-8G,EACH,44000.00,53500.00,18.0,36,ACTIVE,true,false,2026-01-10T08:00:00Z,2026-03-01T10:00:00Z
PROD-0114,STO-QNP-TS873A,QNAP TS-873A 8-Bay AMD Ryzen Enterprise NAS,QNAP Systems,CAT-INFRA,CAT-STO,HARDWARE,AMD Ryzen V1500B quad-core processor with QuTS hero ZFS operating system for enterprise data integrity,TS-873A-8G,EACH,82000.00,99500.00,18.0,36,ACTIVE,true,false,2026-01-10T08:00:00Z,2026-03-01T10:00:00Z
PROD-0115,STO-QNP-TS1685,QNAP TS-1685 16-Bay Enterprise Storage Appliance,QNAP Systems,CAT-INFRA,CAT-STO,HARDWARE,"Hybrid high-capacity NAS supporting 12x 3.5"" HDDs and 4x 2.5"" SSDs for auto-tiering Qtier storage",TS-1685-D1531,EACH,290000.00,355000.00,18.0,36,ACTIVE,true,false,2026-01-10T08:00:00Z,2026-03-01T10:00:00Z
PROD-0116,STO-WD-ULT16TB,Western Digital Ultrastar DC HC550 16TB Enterprise SAS HDD,Western Digital,CAT-INFRA,CAT-STO,HARDWARE,Helium-sealed CMR 3.5-inch enterprise hard drive with 2.5M hours MTBF and 550TB/year workload rating,0F38466,EACH,26000.00,32000.00,18.0,60,ACTIVE,true,false,2026-01-10T08:00:00Z,2026-03-01T10:00:00Z
PROD-0117,STO-WD-ULT20TB,Western Digital Ultrastar DC HC560 20TB Enterprise SATA HDD,Western Digital,CAT-INFRA,CAT-STO,HARDWARE,Ultra-dense 20TB CMR enterprise drive with OptiNAND technology for cloud and data center storage,0F38755,EACH,34000.00,41500.00,18.0,60,ACTIVE,true,false,2026-01-10T08:00:00Z,2026-03-01T10:00:00Z
PROD-0118,STO-SAM-PM893-2TB,"Samsung PM893 1.92TB Enterprise 2.5"" SATA 6Gbps SSD",Samsung Electronics,CAT-INFRA,CAT-STO,HARDWARE,Read-intensive enterprise datacenter SSD with power-loss protection and end-to-end data path protection,MZ7L31T9HBLT,EACH,18500.00,23000.00,18.0,60,ACTIVE,true,false,2026-01-10T08:00:00Z,2026-03-01T10:00:00Z
PROD-0119,STO-SAM-PM1733-4TB,Samsung PM1733 3.84TB PCIe Gen4 Enterprise NVMe U.2 SSD,Samsung Electronics,CAT-INFRA,CAT-STO,HARDWARE,"Ultra-fast dual-port PCIe Gen4 x4 NVMe SSD delivering up to 7,000 MB/s sequential read speed",MZWLJ3T8HBLS,EACH,42000.00,52000.00,18.0,60,ACTIVE,true,false,2026-01-10T08:00:00Z,2026-03-01T10:00:00Z
PROD-0120,STO-KIN-DC500M-2TB,"Kingston DC500M 1.92TB Enterprise Mixed-Use 2.5"" SATA SSD",Kingston Technology,CAT-INFRA,CAT-STO,HARDWARE,Mixed-use enterprise SSD engineered for database and virtualization workloads with strict QoS,SEDC500M/1920G,EACH,17500.00,21800.00,18.0,60,ACTIVE,true,false,2026-01-10T08:00:00Z,2026-03-01T10:00:00Z
PROD-0121,STO-KIN-DC1500M-4TB,Kingston DC1500M 3.84TB U.2 Enterprise NVMe High-End SSD,Kingston Technology,CAT-INFRA,CAT-STO,HARDWARE,Gen 3.0 x4 PCIe NVMe enterprise SSD providing high throughput and predictable low latency,SEDC1500M/3840G,EACH,38000.00,47500.00,18.0,60,ACTIVE,true,false,2026-01-10T08:00:00Z,2026-03-01T10:00:00Z
PROD-0122,STO-DEL-24TB10K,"Dell 2.4TB 10K RPM SAS 12Gbps 2.5"" Hot-Plug Enterprise HDD",Dell Technologies,CAT-INFRA,CAT-STO,HARDWARE,"Original Dell certified 2.5-inch 10,000 RPM mission-critical hard drive mounted in 14th/15th/16th Gen caddy",400-AUQX,EACH,19000.00,24000.00,18.0,36,ACTIVE,true,false,2026-01-10T08:00:00Z,2026-03-01T10:00:00Z
PROD-0123,UPS-APC-SMC1500I,APC Smart-UPS SMC1500I 1500VA LCD 230V Line-Interactive,Schneider Electric (APC),CAT-INFRA,CAT-UPS,HARDWARE,"Intelligent network power protection for entry servers, point of sale and network switches",SMC1500I,EACH,24000.00,29500.00,18.0,24,ACTIVE,true,false,2026-01-10T08:00:00Z,2026-03-01T10:00:00Z
PROD-0124,UPS-APC-SMT2200I,APC Smart-UPS SMT2200I 2200VA LCD 230V SmartConnect,Schneider Electric (APC),CAT-INFRA,CAT-UPS,HARDWARE,"High-density sine-wave power backup for servers, voice/data networks and medical equipment",SMT2200I,EACH,52000.00,64000.00,18.0,36,ACTIVE,true,false,2026-01-10T08:00:00Z,2026-03-01T10:00:00Z
PROD-0125,UPS-APC-SRT3000XLI,APC Smart-UPS On-Line SRT3000XLI 3000VA 230V Double-Conversion,Schneider Electric (APC),CAT-INFRA,CAT-UPS,HARDWARE,Zero-transfer-time online double-conversion UPS for mission-critical IT servers and telecom systems,SRT3000XLI,EACH,96000.00,118000.00,18.0,36,ACTIVE,true,false,2026-01-10T08:00:00Z,2026-03-01T10:00:00Z
PROD-0126,UPS-APC-SRT5KXLI,APC Smart-UPS On-Line SRT5KXLI 5000VA 230V Enterprise Tower/Rack,Schneider Electric (APC),CAT-INFRA,CAT-UPS,HARDWARE,5000VA/4500W pure sine-wave online double-conversion UPS for corporate data racks with AP9641 card,SRT5KXLI,EACH,185000.00,228000.00,18.0,36,ACTIVE,true,false,2026-01-10T08:00:00Z,2026-03-01T10:00:00Z
PROD-0127,UPS-APC-SRT10KXLI,APC Smart-UPS On-Line SRT10KXLI 10kVA 230V Data Center UPS,Schneider Electric (APC),CAT-INFRA,CAT-UPS,HARDWARE,10kVA unity power factor (10kW) enterprise online double-conversion power system with bypass switch,SRT10KXLI,EACH,360000.00,445000.00,18.0,36,ACTIVE,true,false,2026-01-10T08:00:00Z,2026-03-01T10:00:00Z
PROD-0128,UPS-EAT-9SX1000,Eaton 9SX 1000VA Online Double-Conversion Tower UPS,Eaton Corporation,CAT-INFRA,CAT-UPS,HARDWARE,High-efficiency online double-conversion power protection with graphical LCD display and 0.9 PF,9SX1000I,EACH,36000.00,44500.00,18.0,36,ACTIVE,true,false,2026-01-10T08:00:00Z,2026-03-01T10:00:00Z
PROD-0129,UPS-EAT-9PX3000,Eaton 9PX 3000VA RT 2U Rack/Tower Online Double-Conversion UPS,Eaton Corporation,CAT-INFRA,CAT-UPS,HARDWARE,Energy Star certified unity power factor (3000W) UPS with load segment control and hot-swap batteries,9PX3000IRT2U,EACH,89000.00,109000.00,18.0,36,ACTIVE,true,false,2026-01-10T08:00:00Z,2026-03-01T10:00:00Z
PROD-0130,UPS-EAT-9PX6000,Eaton 9PX 6000VA RT 3U High-Efficiency Enterprise UPS,Eaton Corporation,CAT-INFRA,CAT-UPS,HARDWARE,6000VA/5400W online double-conversion UPS with internal maintenance bypass and network Gigabit card,9PX6KIRT,EACH,175000.00,215000.00,18.0,36,ACTIVE,true,false,2026-01-10T08:00:00Z,2026-03-01T10:00:00Z
PROD-0131,UPS-VER-GXT5-1000,Vertiv Liebert GXT5-1000IRT2UXL 1kVA Online Double-Conversion UPS,Vertiv Holdings,CAT-INFRA,CAT-UPS,HARDWARE,Premium power protection with unity power factor (1000W) in a compact 2U rack/tower footprint,GXT5-1000IRT2UXL,EACH,38000.00,46800.00,18.0,36,ACTIVE,true,false,2026-01-10T08:00:00Z,2026-03-01T10:00:00Z
PROD-0132,UPS-VER-GXT5-3000,Vertiv Liebert GXT5-3000IRT2UXL 3kVA Online Enterprise UPS,Vertiv Holdings,CAT-INFRA,CAT-UPS,HARDWARE,Unity power factor (3000W) online UPS with color gravity-sensing LCD display and individually controlled outlets,GXT5-3000IRT2UXL,EACH,92000.00,114000.00,18.0,36,ACTIVE,true,false,2026-01-10T08:00:00Z,2026-03-01T10:00:00Z
PROD-0133,UPS-VER-GXT5-10K,Vertiv Liebert GXT5-10KIRT5UXLN 10kVA 3-Phase in 1-Phase out UPS,Vertiv Holdings,CAT-INFRA,CAT-UPS,HARDWARE,Heavy commercial 10kVA unity power factor UPS supporting 3:1 or 1:1 wiring with external battery cabinets,GXT5-10KIRT5UXLN,EACH,340000.00,420000.00,18.0,36,ACTIVE,true,false,2026-01-10T08:00:00Z,2026-03-01T10:00:00Z
PROD-0134,UPS-APC-AP7921B,APC NetShelter AP7921B 16A 208/230V Switched Rack PDU,Schneider Electric (APC),CAT-INFRA,CAT-UPS,HARDWARE,Network-managed rack power distribution unit with individual outlet power cycling and current monitoring,AP7921B,EACH,32000.00,39500.00,18.0,24,ACTIVE,true,false,2026-01-10T08:00:00Z,2026-03-01T10:00:00Z
PROD-0135,PRN-HP-M404DN,HP LaserJet Pro M404dn Monochrome Network Laser Printer,HP Inc.,CAT-PERIPH,CAT-PRN,HARDWARE,Compact monochrome workgroup printer with automatic 2-sided printing and enhanced security features,W1A53A,EACH,18500.00,22900.00,18.0,12,ACTIVE,true,false,2026-01-10T08:00:00Z,2026-03-01T10:00:00Z
PROD-0136,PRN-HP-M428FDW,HP LaserJet Pro MFP M428fdw Wireless All-in-One Laser Printer,HP Inc.,CAT-PERIPH,CAT-PRN,HARDWARE,"Multifunction workteam printer offering print, copy, scan, fax, dual-sided scanning and dual-band Wi-Fi",W1A30A,EACH,34000.00,41500.00,18.0,12,ACTIVE,true,false,2026-01-10T08:00:00Z,2026-03-01T10:00:00Z
PROD-0137,PRN-HP-M480F,HP Color LaserJet Enterprise MFP M480f Multifunction Printer,HP Inc.,CAT-PERIPH,CAT-PRN,HARDWARE,"Enterprise-grade color MFP with self-healing security BIOS, 50-sheet single-pass duplex ADF and PIN print",3QA55A,EACH,68000.00,82500.00,18.0,36,ACTIVE,true,false,2026-01-10T08:00:00Z,2026-03-01T10:00:00Z
PROD-0138,PRN-HP-M555DN,HP Color LaserJet Enterprise M555dn Workgroup Network Printer,HP Inc.,CAT-PERIPH,CAT-PRN,HARDWARE,High-speed 40 ppm color laser printer designed for large corporate workgroups with 650-sheet standard input,7ZU78A,EACH,58000.00,71000.00,18.0,36,ACTIVE,true,false,2026-01-10T08:00:00Z,2026-03-01T10:00:00Z
PROD-0139,PRN-CAN-MF445DW,Canon imageCLASS MF445dw Enterprise All-in-One Mono Laser,Canon Inc.,CAT-PERIPH,CAT-PRN,HARDWARE,"High-capacity 40 ppm 4-in-1 laser printer with 5"" color touch LCD and mobile printing capabilities",3514C003AA,EACH,32000.00,38900.00,18.0,12,ACTIVE,true,false,2026-01-10T08:00:00Z,2026-03-01T10:00:00Z
PROD-0140,PRN-CAN-IR2625I,Canon imageRUNNER 2625i A3 Monochrome Enterprise Network Copier/MFP,Canon Inc.,CAT-PERIPH,CAT-PRN,HARDWARE,"Robust heavy-duty A3 floor-standing office multifunction system with 25 ppm, DADF and department ID",3759C004AA,EACH,135000.00,168000.00,18.0,36,ACTIVE,true,false,2026-01-10T08:00:00Z,2026-03-01T10:00:00Z
PROD-0141,PRN-BRO-HLL6400,Brother HL-L6400DW High-Speed Enterprise Monochrome Laser Printer,Brother Industries,CAT-PERIPH,CAT-PRN,HARDWARE,"Super-fast 52 ppm business printer with ultra-high-yield 20,000-page inbox toner and NFC authentication",HLL6400DW,EACH,44000.00,53500.00,18.0,24,ACTIVE,true,false,2026-01-10T08:00:00Z,2026-03-01T10:00:00Z
PROD-0142,PRN-BRO-MFCL8900,Brother MFC-L8900CDW High-Yield Business Color Laser All-in-One,Brother Industries,CAT-PERIPH,CAT-PRN,HARDWARE,"Commercial color laser all-in-one with 33 ppm, 70-page auto duplex document feeder and 5"" touchscreen",MFCL8900CDW,EACH,62000.00,75900.00,18.0,24,ACTIVE,true,false,2026-01-10T08:00:00Z,2026-03-01T10:00:00Z
PROD-0143,PRN-EPS-WFC579R,Epson WorkForce Pro WF-C579R High-Yield Color A4 Network MFP,Epson Corporation,CAT-PERIPH,CAT-PRN,HARDWARE,"Replaceable Ink Pack System delivering up to 50,000 pages uninterrupted with zero-heat PrecisionCore tech",C11CG77501,EACH,52000.00,63500.00,18.0,24,ACTIVE,true,false,2026-01-10T08:00:00Z,2026-03-01T10:00:00Z
PROD-0144,PRN-EPS-L15160,Epson EcoTank L15160 A3 Wi-Fi Duplex All-in-One InkTank Printer,Epson Corporation,CAT-PERIPH,CAT-PRN,HARDWARE,"Ultra-low-cost per page A3+ color multifunction with auto-duplex print, scan and copy up to A3",C11CH72501,EACH,68000.00,81999.00,18.0,24,ACTIVE,true,false,2026-01-10T08:00:00Z,2026-03-01T10:00:00Z
PROD-0145,ACC-DEL-WD22TB4,Dell Thunderbolt 4 Dock WD22TB4 180W Power Delivery,Dell Technologies,CAT-PERIPH,CAT-ACC,HARDWARE,Modular Thunderbolt 4 dock delivering up to 130W to Dell systems and 90W to standard systems with dual 4K/8K,210-BDQH,EACH,21000.00,26500.00,18.0,36,ACTIVE,true,false,2026-01-10T08:00:00Z,2026-03-01T10:00:00Z
PROD-0146,ACC-DEL-WD19S,Dell USB-C Dock WD19S 130W Power Delivery,Dell Technologies,CAT-PERIPH,CAT-ACC,HARDWARE,Mainstream commercial USB-C docking station supporting dual FHD/single QHD displays and 90W power,210-AZBM,EACH,14500.00,18500.00,18.0,36,ACTIVE,true,false,2026-01-10T08:00:00Z,2026-03-01T10:00:00Z
PROD-0147,ACC-HP-TBG4,HP Thunderbolt Dock 120W G4 with Audio Module,HP Inc.,CAT-PERIPH,CAT-ACC,HARDWARE,Universal Thunderbolt 4 dock with HP Sure Start endpoint isolation security and integrated speakerphone,4J0A2AA,EACH,19500.00,24900.00,18.0,36,ACTIVE,true,false,2026-01-10T08:00:00Z,2026-03-01T10:00:00Z
PROD-0148,ACC-HP-USBCG5,HP USB-C G5 Universal Commercial Dock,HP Inc.,CAT-PERIPH,CAT-ACC,HARDWARE,Universal USB-C dock engineered for mixed-PC environments providing 100W power delivery and PXE boot,5TW10AA,EACH,13800.00,17500.00,18.0,36,ACTIVE,true,false,2026-01-10T08:00:00Z,2026-03-01T10:00:00Z
PROD-0149,ACC-LEN-TB4DOCK,Lenovo ThinkPad Universal Thunderbolt 4 Dock 100W,Lenovo Group Ltd,CAT-PERIPH,CAT-ACC,HARDWARE,Enterprise-ready Thunderbolt 4 docking station with dynamic 100W power charging and 8K display support,40B00135IN,EACH,20500.00,25800.00,18.0,36,ACTIVE,true,false,2026-01-10T08:00:00Z,2026-03-01T10:00:00Z
PROD-0150,ACC-LEN-USBCDOCK,Lenovo ThinkPad Universal USB-C Dock v2,Lenovo Group Ltd,CAT-PERIPH,CAT-ACC,HARDWARE,Reliable single-cable universal dock for ThinkPad fleets supporting dual 4K screens and MAC address pass-through,40AY0090IN,EACH,13500.00,16900.00,18.0,36,ACTIVE,true,false,2026-01-10T08:00:00Z,2026-03-01T10:00:00Z
PROD-0151,ACC-LOG-MXM3S,Logitech MX Master 3S Wireless Performance Mouse,Logitech International,CAT-PERIPH,CAT-ACC,HARDWARE,Quiet click ergonomic mouse with 8K DPI Darkfield sensor that tracks on glass and MagSpeed electromagnetic scroll,910-006561,EACH,7200.00,9495.00,18.0,24,ACTIVE,false,false,2026-01-10T08:00:00Z,2026-03-01T10:00:00Z
PROD-0152,ACC-LOG-MXKEYSS,Logitech MX Keys S Advanced Wireless Illuminated Keyboard,Logitech International,CAT-PERIPH,CAT-ACC,HARDWARE,Low-profile tactile keys shaped for fingertips with smart backlighting and Smart Actions macros,920-011585,EACH,8500.00,11495.00,18.0,24,ACTIVE,false,false,2026-01-10T08:00:00Z,2026-03-01T10:00:00Z
PROD-0153,ACC-LOG-MK540,Logitech MK540 Advanced Commercial Wireless Keyboard & Mouse Combo,Logitech International,CAT-PERIPH,CAT-ACC,HARDWARE,Familiar precision quiet keyboard paired with contoured ambidextrous mouse for enterprise deployments,920-008684,EACH,2800.00,3995.00,18.0,36,ACTIVE,false,false,2026-01-10T08:00:00Z,2026-03-01T10:00:00Z
PROD-0154,ACC-LOG-BRIO4K,Logitech Brio 4K Ultra HD Business Webcam,Logitech International,CAT-PERIPH,CAT-ACC,HARDWARE,"Ultra 4K HD webcam with HDR, RightLight 3, dual noise-cancelling mics and Windows Hello facial recognition",960-001105,EACH,14500.00,18995.00,18.0,36,ACTIVE,true,false,2026-01-10T08:00:00Z,2026-03-01T10:00:00Z
PROD-0155,ACC-LOG-C925E,Logitech C925e 1080p Business HD Webcam,Logitech International,CAT-PERIPH,CAT-ACC,HARDWARE,Cost-effective full HD webcam with integrated sliding privacy shutter certified for Zoom and Microsoft Teams,960-001075,EACH,6800.00,8995.00,18.0,36,ACTIVE,true,false,2026-01-10T08:00:00Z,2026-03-01T10:00:00Z
PROD-0156,ACC-JAB-EV265MS,Jabra Evolve2 65 MS Wireless Noise-Cancelling Stereo Headset,Jabra (GN Audio),CAT-PERIPH,CAT-ACC,HARDWARE,"Engineered for focus with 37-hour battery life, 3-microphone call technology and 360-degree busylight",26599-999-999,EACH,16500.00,21500.00,18.0,24,ACTIVE,true,false,2026-01-10T08:00:00Z,2026-03-01T10:00:00Z
PROD-0157,ACC-JAB-EV240MS,Jabra Evolve2 40 MS USB-C Wired Stereo Enterprise Headset,Jabra (GN Audio),CAT-PERIPH,CAT-ACC,HARDWARE,Corded USB-C enterprise headset with 40mm leak-tolerant speakers and memory foam ear cushions,24089-999-899,EACH,7800.00,10200.00,18.0,24,ACTIVE,false,false,2026-01-10T08:00:00Z,2026-03-01T10:00:00Z
PROD-0158,ACC-POL-VOYFOC2,Poly Voyager Focus 2 UC Bluetooth Stereo Headset,Poly (HP Poly),CAT-PERIPH,CAT-ACC,HARDWARE,Advanced Digital Hybrid Active Noise Cancelling (ANC) with Acoustic Fence technology for noisy offices,213726-02,EACH,18000.00,23500.00,18.0,24,ACTIVE,true,false,2026-01-10T08:00:00Z,2026-03-01T10:00:00Z
PROD-0159,ACC-DEL-PREMBAG,"Dell Premier Slim 15.6"" Executive Laptop Backpack",Dell Technologies,CAT-PERIPH,CAT-ACC,HARDWARE,"Weather-resistant backpack with EVA foam cushioning, dedicated tablet sleeve and luggage pass-through",460-BCML,EACH,3400.00,4800.00,18.0,36,ACTIVE,false,false,2026-01-10T08:00:00Z,2026-03-01T10:00:00Z
PROD-0160,ACC-HP-EXECBAG,"HP Executive 15.6"" RFID-Blocking Commercial Backpack",HP Inc.,CAT-PERIPH,CAT-ACC,HARDWARE,"Corporate travel backpack with lockable zippers, RFID-blocking pocket to protect credit cards and USB pass-through",6KD07AA,EACH,3800.00,5200.00,18.0,12,ACTIVE,false,false,2026-01-10T08:00:00Z,2026-03-01T10:00:00Z
PROD-0161,ACC-KEN-CS20LOCK,Kensington ClickSafe 2.0 Keyed Laptop Security Lock,Dell Technologies,CAT-PERIPH,CAT-ACC,HARDWARE,Tamper-resistant carbon steel cable lock that attaches with a single click to standard Kensington security slots,K64435WW,EACH,1800.00,2600.00,18.0,60,ACTIVE,false,false,2026-01-10T08:00:00Z,2026-03-01T10:00:00Z
PROD-0162,ACC-TAR-DEFCONCL,Targus Defcon CL Serialized Combination Cable Lock,Dell Technologies,CAT-PERIPH,CAT-ACC,HARDWARE,Pre-set serialized 4-digit combination cable lock with 6.5-foot galvanized vinyl-coated steel cable,PA400U,EACH,1400.00,2100.00,18.0,24,ACTIVE,false,false,2026-01-10T08:00:00Z,2026-03-01T10:00:00Z
PROD-0163,ACC-ANK-GAN120W,Anker 737 GaN 120W 3-Port Fast Wall Charger,Dell Technologies,CAT-PERIPH,CAT-ACC,HARDWARE,Compact GaNPrime technology charger with 2x USB-C (100W max) and 1x USB-A for simultaneously powering laptop and phone,A2148,EACH,4800.00,6499.00,18.0,24,ACTIVE,false,false,2026-01-10T08:00:00Z,2026-03-01T10:00:00Z
PROD-0164,ACC-BEL-HUB7IN1,Belkin 7-in-1 USB-C Multi-Port Hub Adapter,Dell Technologies,CAT-PERIPH,CAT-ACC,HARDWARE,"Portable multi-port adapter providing 4K HDMI, 85W pass-through charging, 2x USB-A, SD/microSD and 3.5mm audio",AVC009btSGY,EACH,3200.00,4499.00,18.0,24,ACTIVE,false,false,2026-01-10T08:00:00Z,2026-03-01T10:00:00Z
PROD-0165,COL-LOG-RALLYBAR,Logitech Rally Bar Enterprise All-in-One Video Bar,Logitech International,CAT-PERIPH,CAT-COL,HARDWARE,"Premier all-in-one video conferencing bar for mid-size rooms with motorized PTZ lens, AI viewfinder and beamforming mics",960-001308,EACH,260000.00,325000.00,18.0,24,ACTIVE,true,false,2026-01-10T08:00:00Z,2026-03-01T10:00:00Z
PROD-0166,COL-LOG-RALLYPLUS,Logitech Rally Plus Modular Ultra-HD Conference Room System,Logitech International,CAT-PERIPH,CAT-COL,HARDWARE,"Modular video conferencing system for large boardrooms with standalone PTZ camera, 2 speakers and 2 mic pods",960-001225,EACH,215000.00,268000.00,18.0,24,ACTIVE,true,false,2026-01-10T08:00:00Z,2026-03-01T10:00:00Z
PROD-0167,COL-LOG-MEETUP,Logitech MeetUp All-in-One ConferenceCam for Huddle Rooms,Logitech International,CAT-PERIPH,CAT-COL,HARDWARE,Super-wide 120-degree field of view 4K camera with integrated custom-tuned audio for small conference rooms,960-001101,EACH,62000.00,78000.00,18.0,24,ACTIVE,true,false,2026-01-10T08:00:00Z,2026-03-01T10:00:00Z
PROD-0168,COL-POL-STUDIOX50,Poly Studio X50 All-in-One 4K Video Bar for Medium Rooms,Poly (HP Poly),CAT-PERIPH,CAT-COL,HARDWARE,"Radically simple video bar with Poly DirectorAI smart framing, NoiseBlockAI and native Teams/Zoom support",2200-85970-001,EACH,245000.00,305000.00,18.0,12,ACTIVE,true,false,2026-01-10T08:00:00Z,2026-03-01T10:00:00Z
PROD-0169,COL-POL-STUDIOX70,Poly Studio X70 Dual-Camera Video Bar for Large Rooms,Poly (HP Poly),CAT-PERIPH,CAT-COL,HARDWARE,"Dual 4K sensors with seamless switching, electronic motorized privacy shutter and stereo speakers with bass ports",2200-87240-001,EACH,420000.00,520000.00,18.0,12,ACTIVE,true,false,2026-01-10T08:00:00Z,2026-03-01T10:00:00Z
PROD-0170,COL-JAB-SPK75,Jabra Speak2 75 MS Enterprise Wireless Speakerphone,Jabra (GN Audio),CAT-PERIPH,CAT-ACC,HARDWARE,"Next-generation portable conference speakerphone with full duplex audio, 4 beamforming mics and microphone quality indicator",2775-109,EACH,26000.00,33500.00,18.0,24,ACTIVE,true,false,2026-01-10T08:00:00Z,2026-03-01T10:00:00Z
PROD-0171,COL-JAB-PANA50,Jabra Panacast 50 180-Degree Panoramic 4K Video Bar,Jabra (GN Audio),CAT-PERIPH,CAT-COL,HARDWARE,Full 180-degree panoramic-4K room coverage using 3x 13MP cameras with 8 professional microphones,8200-231,EACH,175000.00,218000.00,18.0,24,ACTIVE,true,false,2026-01-10T08:00:00Z,2026-03-01T10:00:00Z
PROD-0172,COL-CIS-ROOMBAR,Cisco Webex Room Bar Compact Video Collaboration Device,Cisco Systems,CAT-PERIPH,CAT-COL,HARDWARE,"Intelligent video collaboration bar with 12MP wide camera, people focus framing and Webex Room Navigator touch panel",CS-BAR-T-K9,EACH,280000.00,345000.00,18.0,36,ACTIVE,true,false,2026-01-10T08:00:00Z,2026-03-01T10:00:00Z
PROD-0173,COL-BAR-CX30G2,Barco ClickShare CX-30 Gen 2 Wireless Presentation System,Dell Technologies,CAT-PERIPH,CAT-COL,HARDWARE,Seamless wireless conferencing for medium-sized meeting rooms supporting any USB video bar and BYOM (Bring Your Own Meeting),R9861613EUB1,EACH,168000.00,209000.00,18.0,36,ACTIVE,true,false,2026-01-10T08:00:00Z,2026-03-01T10:00:00Z
PROD-0174,COL-BAR-CX50G2,Barco ClickShare CX-50 Gen 2 Premium Wireless Presentation System,Dell Technologies,CAT-PERIPH,CAT-COL,HARDWARE,Dual-screen wireless conferencing with automatic switching between Room Mode and Bring Your Own Meeting mode,R9861622EUB1,EACH,245000.00,305000.00,18.0,36,ACTIVE,true,false,2026-01-10T08:00:00Z,2026-03-01T10:00:00Z
PROD-0175,SEC-CIS-10GSR,Cisco SFP-10G-SR 10GBASE-SR SFP+ Optical Transceiver Module,Cisco Systems,CAT-PERIPH,CAT-SEC,HARDWARE,Original Cisco short-reach multimode 10Gbps optical transceiver for LC duplex fiber connections up to 300m,SFP-10G-SR=,EACH,12000.00,16500.00,18.0,60,ACTIVE,true,false,2026-01-10T08:00:00Z,2026-03-01T10:00:00Z
PROD-0176,SEC-CIS-10GLR,Cisco SFP-10G-LR 10GBASE-LR Single-Mode SFP+ Transceiver Module,Cisco Systems,CAT-PERIPH,CAT-SEC,HARDWARE,Long-reach single-mode 10Gbps optical transceiver supporting link lengths up to 10 kilometers over standard SMF,SFP-10G-LR=,EACH,28000.00,37500.00,18.0,60,ACTIVE,true,false,2026-01-10T08:00:00Z,2026-03-01T10:00:00Z
PROD-0177,SEC-ARU-DAC3M,Aruba 10G SFP+ to SFP+ 3m Direct Attach Copper (DAC) Cable,Aruba Networks (HPE),CAT-PERIPH,CAT-SEC,HARDWARE,Passive twinaxial direct-attach copper cable for low-latency server-to-switch and switch-to-switch stacking,J9283D,EACH,4500.00,6800.00,18.0,60,ACTIVE,false,false,2026-01-10T08:00:00Z,2026-03-01T10:00:00Z
PROD-0178,SEC-UBI-UFMM10G,Ubiquiti 10Gbps Multi-Mode Optical SFP+ Module Pair (UF-MM-10G),Ubiquiti Networks,CAT-PERIPH,CAT-SEC,HARDWARE,Multi-mode 10G SFP+ transceivers pair supporting distances up to 300 meters over OM3 multimode fiber,UACC-OM-MM-10G-D-2,EACH,4200.00,6200.00,18.0,24,ACTIVE,false,false,2026-01-10T08:00:00Z,2026-03-01T10:00:00Z
PROD-0179,SEC-BEL-CAT6A10PK,Belkin Cat6A Shielded Snagless RJ45 Patch Cable 2m (10-Pack),Dell Technologies,CAT-PERIPH,CAT-SEC,HARDWARE,10-Gigabit certified 500MHz shielded twisted-pair (STP) snagless patch cords with gold-plated contacts,B2B169-02M-BL-10,EACH,2200.00,3600.00,18.0,60,ACTIVE,false,false,2026-01-10T08:00:00Z,2026-03-01T10:00:00Z
PROD-0180,SEC-DLK-PP24C6,D-Link 24-Port Cat6 Fully Loaded Unshielded Patch Panel 1U,Dell Technologies,CAT-PERIPH,CAT-SEC,HARDWARE,19-inch 1U rackmount 24-port Cat6 unshielded patch panel with cable management bar and label strips,NCB-C6UBLKR-24,EACH,2800.00,4200.00,18.0,60,ACTIVE,false,false,2026-01-10T08:00:00Z,2026-03-01T10:00:00Z
PROD-0181,SEC-DEL-RAILS1U2U,Dell ReadyRails II Sliding Rail Kit for 1U/2U PowerEdge Servers,Dell Technologies,CAT-PERIPH,CAT-SEC,HARDWARE,Toolless sliding rails supporting 4-post racks with square or round mounting holes for R660/R760,770-BDKW,EACH,8500.00,12500.00,18.0,36,ACTIVE,false,false,2026-01-10T08:00:00Z,2026-03-01T10:00:00Z
PROD-0182,SEC-APC-CMA42U,APC NetShelter 42U Server Rack Cable Management Arm,Schneider Electric (APC),CAT-INFRA,CAT-UPS,HARDWARE,Hinged cable management arm eliminating cable stress during server extension for servicing,AR7130,EACH,5500.00,8400.00,18.0,24,ACTIVE,false,false,2026-01-10T08:00:00Z,2026-03-01T10:00:00Z
